max,min
0.007864046,0.007864046
0.007867059,0.007867059
0.007856488,0.007856488
0.0078398865,0.0078398865
0.007835353,0.007835353
0.007829316,0.007829316
0.007827798,0.007827798
0.00781874,0.00781874
0.007817221,0.007817221
0.0078096706,0.0078096706
0.007806647,0.007806647
0.007799096,0.007799096
0.007797573,0.007797573
0.0077840034,0.0077840034
0.0077749505,0.0077749505
0.007774933,0.007774933
0.00776889,0.00776889
0.0077598393,0.0077598393
0.007753801,0.007753801
0.00775528,0.00775528
0.007743223,0.007743223
0.0077356803,0.0077356803
0.007734151,0.007734151
0.007728106,0.007728106
0.0077250716,0.0077250716
0.0077100163,0.0077100163
0.007703978,0.007703978
0.007697938,0.007697938
0.007690397,0.007690397
0.0076903636,0.0076903636
0.0076768203,0.0076768203
0.0076767863,0.0076767863
0.0076737413,0.0076737413
0.0076677045,0.0076677045
0.0076616644,0.0076616644
0.0076481286,0.0076481286
0.0076480866,0.0076480866
0.007639049,0.007639049
0.0076345094,0.0076345094
0.0076314686,0.0076314686
0.0076224334,0.0076224334
0.0076193865,0.0076193865
0.007614847,0.007614847
0.0076073105,0.0076073105
0.007598279,0.007598279
0.0075982255,0.0075982255
0.0075891945,0.0075891945
0.0075801653,0.0075801653
0.0075771175,0.0075771175
0.0075621116,0.0075621116
0.0075545767,0.0075545767
0.007548545,0.007548545
0.0075425105,0.0075425105
0.007542453,0.007542453
0.007530445,0.007530445
0.0075229146,0.0075229146
0.007519868,0.007519868
0.0075078635,0.0075078635
0.007500336,0.007500336
0.0074943025,0.0074943025
0.0074957255,0.0074957255
0.007485218,0.007485218
0.007483662,0.007483662
0.0074731573,0.0074731573
0.0074745775,0.0074745775
0.007458109,0.007458109
0.0074520786,0.0074520786
0.007456476,0.007456476
0.0074429917,0.0074429917
0.0074458965,0.0074458965
0.007439864,0.007439864
0.0074278805,0.0074278805
0.007421849,0.007421849
0.00741879,0.00741879
0.0074112723,0.0074112723
0.007400783,0.007400783
0.007393264,0.007393264
0.0073872334,0.0073872334
0.007387153,0.007387153
0.007376664,0.007376664
0.007366178,0.007366178
0.007363119,0.007363119
0.0073570893,0.0073570893
0.007345125,0.007345125
0.007336133,0.007336133
0.0073375246,0.0073375246
0.0073270495,0.0073270495
0.007318056,0.007318056
0.0073105497,0.0073105497
0.0073074885,0.0073074885
0.0072999853,0.0072999853
0.0072984053,0.0072984053
0.0072953464,0.0072953464
0.0072893174,0.0072893174
0.007286256,0.007286256
0.00727875,0.00727875
0.0072712465,0.0072712465
0.0072593023,0.0072593023
0.0072473628,0.0072473628
0.0072442996,0.0072442996
0.0072367988,0.0072367988
0.0072248634,0.0072248634
0.0072277146,0.0072277146
0.007212824,0.007212824
0.007217152,0.007217152
0.0072096535,0.0072096535
0.007199203,0.007199203
0.0071931854,0.0071931854
0.0071915947,0.0071915947
0.0071841013,0.0071841013
0.007175131,0.007175131
0.0071646874,0.0071646874
0.007157199,0.007157199
0.00715266,0.00715266
0.007139267,0.007139267
0.0071406257,0.0071406257
0.0071375594,0.0071375594
0.0071285996,0.0071285996
0.007127002,0.007127002
0.0071180426,0.0071180426
0.0071046674,0.0071046674
0.0071001295,0.0071001295
0.0070911697,0.0070911697
0.007088104,0.007088104
0.0070879795,0.0070879795
0.007077555,0.007077555
0.007065661,0.007065661
0.0070640617,0.0070640617
0.007056582,0.007056582
0.007040286,0.007040286
0.007041627,0.007041627
0.007035622,0.007035622
0.007028145,0.007028145
0.0070250765,0.0070250765
0.0070102606,0.0070102606
0.0070027905,0.0070027905
0.006996787,0.006996787
0.0069922497,0.0069922497
0.0069935787,0.0069935787
0.0069802445,0.0069802445
0.006977175,0.006977175
0.0069638435,0.0069638435
0.0069549102,0.0069549102
0.006947445,0.006947445
0.0069546276,0.0069546276
0.00693984,0.00693984
0.006935306,0.006935306
0.006926383,0.006926383
0.0069218427,0.0069218427
0.006908529,0.006908529
0.0069040013,0.0069040013
0.006899464,0.006899464
0.006894929,0.006894929
0.0068801665,0.0068801665
0.0068741716,0.0068741716
0.006866719,0.006866719
0.0068738707,0.0068738707
0.0068620346,0.0068620346
0.0068545826,0.0068545826
0.006845671,0.006845671
0.006833844,0.006833844
0.006824938,0.006824938
0.0068247803,0.0068247803
0.006812961,0.006812961
0.0068113464,0.0068113464
0.0068009854,0.0068009854
0.0067877145,0.0067877145
0.0067919246,0.0067919246
0.0067801126,0.0067801126
0.0067741293,0.0067741293
0.0067594126,0.0067594126
0.006750518,0.006750518
0.006757631,0.006757631
0.0067443764,0.0067443764
0.0067398497,0.0067398497
0.0067236894,0.0067236894
0.006726434,0.006726434
0.0067175496,0.0067175496
0.006705756,0.006705756
0.006702687,0.006702687
0.006693805,0.006693805
0.00668928,0.00668928
0.006680403,0.006680403
0.006672975,0.006672975
0.0066655516,0.0066655516
0.0066682776,0.0066682776
0.0066521545,0.0066521545
0.006643283,0.006643283
0.0066373115,0.0066373115
0.006640032,0.006640032
0.0066239247,0.0066239247
0.006616505,0.006616505
0.006607643,0.006607643
0.0066045704,0.0066045704
0.0065957066,0.0065957066
0.0065940814,0.0065940814
0.006576546,0.006576546
0.0065691327,0.0065691327
0.006570396,0.006570396
0.006560097,0.006560097
0.0065483563,0.0065483563
0.0065553947,0.0065553947
0.006540769,0.006540769
0.006534807,0.006534807
0.006518742,0.006518742
0.0065156706,0.0065156706
0.00650971,0.00650971
0.006503752,0.006503752
0.006489147,0.006489147
0.006490399,0.006490399
0.006483003,0.006483003
0.0064669615,0.0064669615
0.0064682118,0.0064682118
0.006462258,0.006462258
0.006450545,0.006450545
0.0064431583,0.0064431583
0.0064400844,0.0064400844
0.006435571,0.006435571
0.006419553,0.006419553
0.006413609,0.006413609
0.006409098,0.006409098
0.00640315,0.00640315
0.0063943304,0.0063943304
0.006385511,0.006385511
0.0063781342,0.0063781342
0.0063664466,0.0063664466
0.0063633746,0.0063633746
0.006354566,0.006354566
0.006350062,0.006350062
0.0063412515,0.0063412515
0.006333879,0.006333879
0.006329376,0.006329376
0.0063205706,0.0063205706
0.006308905,0.006308905
0.006298671,0.006298671
0.0062927366,0.0062927366
0.0062896684,0.0062896684
0.006279444,0.006279444
0.0062692175,0.0062692175
0.0062675797,0.0062675797
0.0062559266,0.0062559266
0.0062500015,0.0062500015
0.0062426436,0.0062426436
0.006235287,0.006235287
0.006220789,0.006220789
0.006219151,0.006219151
0.0062160813,0.0062160813
0.006200164,0.006200164
0.0061899605,0.0061899605
0.006195456,0.006195456
0.0061781215,0.0061781215
0.0061707767,0.0061707767
0.006174843,0.006174843
0.006161793,0.006161793
0.006150178,0.006150178
0.0061456864,0.0061456864
0.006138346,0.006138346
0.0061310045,0.0061310045
0.0061222482,0.0061222482
0.0061177528,0.0061177528
0.0060976194,0.0060976194
0.006103087,0.006103087
0.0060843797,0.0060843797
0.0060870023,0.0060870023
0.006081093,0.006081093
0.006060978,0.006060978
0.006062175,0.006062175
0.006053428,0.006053428
0.0060446872,0.0060446872
0.0060373624,0.0060373624
0.0060272072,0.0060272072
0.006014214,0.006014214
0.006012568,0.006012568
0.006009509,0.006009509
0.00599652,0.00599652
0.0059934603,0.0059934603
0.0059833117,0.0059833117
0.0059675025,0.0059675025
0.0059672743,0.0059672743
0.00595572,0.00595572
0.0059554903,0.0059554903
0.0059411125,0.0059411125
0.0059295646,0.0059295646
0.00592509,0.00592509
0.0059220297,0.0059220297
0.0059104897,0.0059104897
0.0058975443,0.0058975443
0.005895894,0.005895894
0.005890011,0.005890011
0.0058770715,0.0058770715
0.0058711893,0.0058711893
0.0058596674,0.0058596674
0.0058636595,0.0058636595
0.005856372,0.005856372
0.0058392137,0.0058392137
0.005834749,0.005834749
0.0058161947,0.0058161947
0.0058328523,0.0058328523
0.0058128983,0.0058128983
0.0058027986,0.0058027986
0.0057913014,0.0057913014
0.0057769944,0.0057769944
0.005789404,0.005789404
0.0057722884,0.0057722884
0.005763608,0.005763608
0.0057493127,0.0057493127
0.0057420437,0.0057420437
0.00574882,0.00574882
0.0057387394,0.0057387394
0.005718841,0.005718841
0.005710178,0.005710178
0.0056959023,0.0056959023
0.005704067,0.005704067
0.005689799,0.005689799
0.0056839376,0.0056839376
0.0056696786,0.0056696786
0.005658223,0.005658223
0.005663572,0.005663572
0.005650722,0.005650722
0.005643469,0.005643469
0.0056264256,0.0056264256
0.00561079,0.00561079
0.0056189257,0.0056189257
0.0056102867,0.0056102867
0.0055988496,0.0055988496
0.0055888155,0.0055888155
0.0055676126,0.0055676126
0.0055743367,0.0055743367
0.005569893,0.005569893
0.005557079,0.005557079
0.0055428697,0.0055428697
0.0055509796,0.0055509796
0.005538171,0.005538171
0.005528154,0.005528154
0.0055069956,0.0055069956
0.005503949,0.005503949
0.005506475,0.005506475
0.005497857,0.005497857
0.005475329,0.005475329
0.0054681124,0.0054681124
0.0054525556,0.0054525556
0.005459243,0.005459243
0.00544647,0.00544647
0.005435092,0.005435092
0.00542788,0.00542788
0.005427616,0.005427616
0.005414857,0.005414857
0.005403485,0.005403485
0.0053893486,0.0053893486
0.005375213,0.005375213
0.0053874278,0.0053874278
0.0053705256,0.0053705256
0.0053591733,0.0053591733
0.005345052,0.005345052
0.005357246,0.005357246
0.005340361,0.005340361
0.0053262506,0.0053262506
0.0053204447,0.0053204447
0.005299429,0.005299429
0.005306073,0.005306073
0.005291978,0.005291978
0.0052792723,0.0052792723
0.005273473,0.005273473
0.0052731996,0.0052731996
0.005260499,0.005260499
0.0052491855,0.0052491855
0.0052392534,0.0052392534
0.0052251904,0.0052251904
0.0052262926,0.0052262926
0.005216365,0.005216365
0.005202312,0.005202312
0.0051896423,0.0051896423
0.0051976275,0.0051976275
0.005184959,0.005184959
0.0051667863,0.0051667863
0.0051582595,0.0051582595
0.0051662326,0.0051662326
0.005149448,0.005149448
0.005135425,0.005135425
0.0051241564,0.0051241564
0.0051073916,0.0051073916
0.0051167253,0.0051167253
0.0050958544,0.0050958544
0.0050887135,0.0050887135
0.0050747194,0.0050747194
0.0050799204,0.0050799204
0.0050659287,0.0050659287
0.005056053,0.005056053
0.005044809,0.005044809
0.005045896,0.005045896
0.005031918,0.005031918
0.00502342,0.00502342
0.005008087,0.005008087
0.005016007,0.005016007
0.004997943,0.004997943
0.0049826205,0.0049826205
0.0049727717,0.0049727717
0.0049615586,0.0049615586
0.004966733,0.004966733
0.004951427,0.004951427
0.004938859,0.004938859
0.004918112,0.004918112
0.004935552,0.004935552
0.0049161753,0.0049161753
0.004903621,0.004903621
0.004888349,0.004888349
0.00489487,0.00489487
0.0048768776,0.0048768776
0.0048725028,0.0048725028
0.0048518064,0.0048518064
0.0048569543,0.0048569543
0.0048471447,0.0048471447
0.004830542,0.004830542
0.004812591,0.004812591
0.004805514,0.004805514
0.0048106504,0.0048106504
0.0047913548,0.0047913548
0.004782921,0.004782921
0.0047649983,0.0047649983
0.0047728415,0.0047728415
0.004754926,0.004754926
0.0047465046,0.0047465046
0.00472725,0.00472725
0.004737787,0.004737787
0.004721247,0.004721247
0.004707423,0.004707423
0.0046936055,0.0046936055
0.0046973666,0.0046973666
0.004680852,0.004680852
0.0046697464,0.0046697464
0.004655948,0.004655948
0.004662399,0.004662399
0.004647255,0.004647255
0.0046307677,0.0046307677
0.004614291,0.004614291
0.0046247793,0.0046247793
0.0046096523,0.0046096523
0.0045985766,0.0045985766
0.0045821215,0.0045821215
0.0045858584,0.0045858584
0.0045680646,0.0045680646
0.00456642,0.00456642
0.0045392257,0.0045392257
0.0045483354,0.0045483354
0.0045332513,0.0045332513
0.004520865,0.004520865
0.004505793,0.004505793
0.004506835,0.004506835
0.0044984818,0.0044984818
0.004480744,0.004480744
0.0044656945,0.0044656945
0.004473438,0.004473438
0.004451698,0.004451698
0.0044420217,0.0044420217
0.004432349,0.004432349
0.004430709,0.004430709
0.004422378,0.004422378
0.004403351,0.004403351
0.0043856753,0.0043856753
0.0043907193,0.0043907193
0.0043797265,0.0043797265
0.004360731,0.004360731
0.0043497523,0.0043497523
0.004334776,0.004334776
0.0043438138,0.0043438138
0.0043221763,0.0043221763
0.0043125483,0.0043125483
0.004294928,0.004294928
0.0043012877,0.0043012877
0.004289002,0.004289002
0.00427007,0.00427007
0.0042538084,0.0042538084
0.0042575,0.0042575
0.004246567,0.004246567
0.0042303186,0.0042303186
0.0042193937,0.0042193937
0.0042230743,0.0042230743
0.004205521,0.004205521
0.0041932794,0.0041932794
0.00417972,0.00417972
0.004183396,0.004183396
0.0041645393,0.0041645393
0.0041496707,0.0041496707
0.0041387784,0.0041387784
0.004143776,0.004143776
0.004119658,0.004119658
0.0041127484,0.0041127484
0.004099229,0.004099229
0.0041015754,0.0041015754
0.00408542,0.00408542
0.004074557,0.004074557
0.0040610605,0.0040610605
0.004063402,0.004063402
0.004047271,0.004047271
0.0040311534,0.0040311534
0.0040150434,0.0040150434
0.004023969,0.004023969
0.004006551,0.004006551
0.0039891433,0.0039891433
0.003971744,0.003971744
0.003960929,0.003960929
0.0039645815,0.0039645815
0.003947204,0.003947204
0.0039324607,0.0039324607
0.0039216634,0.0039216634
0.003923998,0.003923998
0.003906647,0.003906647
0.0038932404,0.0038932404
0.003881153,0.003881153
0.0038821725,0.0038821725
0.0038622317,0.0038622317
0.003855398,0.003855398
0.0038367845,0.0038367845
0.0038417317,0.0038417317
0.0038270543,0.0038270543
0.003809774,0.003809774
0.003793807,0.003793807
0.0037987467,0.0037987467
0.0037827906,0.0037827906
0.0037668464,0.0037668464
0.003754822,0.003754822
0.003750628,0.003750628
0.0037399181,0.0037399181
0.0037253045,0.0037253045
0.0037106995,0.0037106995
0.0036948002,0.0036948002
0.003702328,0.003702328
0.0036851405,0.0036851405
0.0036718608,0.0036718608
0.003652091,0.003652091
0.0036557144,0.0036557144
0.0036437497,0.0036437497
0.003621412,0.003621412
0.0036068729,0.0036068729
0.0036130834,0.0036130834
0.0035985524,0.0035985524
0.003586618,0.003586618
0.0035669238,0.0035669238
0.003571832,0.003571832
0.0035573284,0.0035573284
0.003542833,0.003542833
0.0035257624,0.0035257624
0.0035254934,0.0035254934
0.0035110204,0.0035110204
0.0034978467,0.0034978467
0.0034859704,0.0034859704
0.0034650706,0.0034650706
0.0034622333,0.0034622333
0.0034568207,0.0034568207
0.0034385265,0.0034385265
0.003424108,0.003424108
0.0034238535,0.0034238535
0.0034081603,0.0034081603
0.0033937641,0.0033937641
0.0033755207,0.0033755207
0.0033752718,0.0033752718
0.0033647483,0.0033647483
0.0033516665,0.0033516665
0.0033373064,0.0033373064
0.0033191121,0.0033191121
0.0033201491,0.0033201491
0.0033058142,0.0033058142
0.0032850855,0.0032850855
0.003272052,0.003272052
0.0032743732,0.0032743732
0.0032664621,0.0032664621
0.0032483295,0.0032483295
0.0032276579,0.0032276579
0.0032210418,0.0032210418
0.0032220886,0.0032220886
0.0031988935,0.0031988935
0.0031820906,0.0031820906
0.0031754952,0.0031754952
0.0031739958,0.0031739958
0.0031584909,0.0031584909
0.0031429958,0.0031429958
0.0031287852,0.0031287852
0.0031094966,0.0031094966
0.0031143678,0.0031143678
0.0031027186,0.0031027186
0.0030847283,0.0030847283
0.0030680224,0.0030680224
0.0030525948,0.0030525948
0.0030511254,0.0030511254
0.003035712,0.003035712
0.0030190458,0.0030190458
0.003007454,0.003007454
0.0030059924,0.0030059924
0.0029944123,0.0029944123
0.0029790462,0.0029790462
0.0029674813,0.0029674813
0.0029533992,0.0029533992
0.0029519482,0.0029519482
0.0029303122,0.0029303122
0.0029162564,0.0029162564
0.0029009525,0.0029009525
0.0028869186,0.0028869186
0.0028854841,0.0028854841
0.002867691,0.002867691
0.0028536848,0.0028536848
0.0028422,0.0028422
0.0028407779,0.0028407779
0.0028293054,0.0028293054
0.0028128207,0.0028128207
0.0027875663,0.0027875663
0.0027786358,0.0027786358
0.0027784822,0.0027784822
0.0027595356,0.0027595356
0.0027456135,0.0027456135
0.0027317007,0.0027317007
0.0027165492,0.0027165492
0.0027151594,0.0027151594
0.002697525,0.002697525
0.0026886463,0.0026886463
0.0026710366,0.0026710366
0.0026534414,0.0026534414
0.0026533185,0.0026533185
0.0026344955,0.0026344955
0.0026256556,0.0026256556
0.0026056152,0.0026056152
0.0025855938,0.0025855938
0.0025929485,0.0025929485
0.0025741914,0.0025741914
0.0025666293,0.0025666293
0.0025491384,0.0025491384
0.0025291813,0.0025291813
0.0025253661,0.0025253661
0.0025203112,0.0025203112
0.0024979122,0.0024979122
0.0024842024,0.0024842024
0.0024643142,0.0024643142
0.0024630008,0.0024630008
0.002450556,0.002450556
0.0024319459,0.0024319459
0.0024219954,0.0024219954
0.0024058807,0.0024058807
0.0024070519,0.0024070519
0.002395888,0.002395888
0.0023785704,0.0023785704
0.0023600387,0.0023600387
0.0023378283,0.0023378283
0.0023254824,0.0023254824
0.0023266752,0.0023266752
0.0023094255,0.0023094255
0.002293419,0.002293419
0.0022823408,0.0022823408
0.0022675886,0.0022675886
0.0022638883,0.0022638883
0.0022479298,0.0022479298
0.0022270868,0.0022270868
0.0022209554,0.0022209554
0.0022013686,0.0022013686
0.0021866912,0.0021866912
0.0021805833,0.0021805833
0.0021647052,0.0021647052
0.0021537277,0.0021537277
0.0021317757,0.0021317757
0.0021244811,0.0021244811
0.0021196278,0.0021196278
0.0021050333,0.0021050333
0.002088016,0.002088016
0.002069798,0.002069798
0.0020601102,0.0020601102
0.00204314,0.00204314
0.0020407627,0.0020407627
0.002023814,0.002023814
0.002003243,0.002003243
0.0019923951,0.0019923951
0.0019767082,0.0019767082
0.001958613,0.001958613
0.0019599076,0.0019599076
0.0019418378,0.0019418378
0.0019334592,0.0019334592
0.0019130035,0.0019130035
0.0018961907,0.0018961907
0.001880604,0.001880604
0.001878302,0.001878302
0.0018639439,0.0018639439
0.0018447792,0.0018447792
0.0018280429,0.0018280429
0.001814934,0.001814934
0.0017958243,0.0017958243
0.0017923609,0.0017923609
0.0017804903,0.0017804903
0.0017638283,0.0017638283
0.0017495819,0.0017495819
0.0017341533,0.0017341533
0.0017187388,0.0017187388
0.0017189119,0.0017189119
0.0016975345,0.0016975345
0.0016797693,0.0016797693
0.0016739793,0.0016739793
0.0016538557,0.0016538557
0.0016313632,0.0016313632
0.0016148647,0.0016148647
0.0016138903,0.0016138903
0.001600993,0.001600993
0.0015928741,0.0015928741
0.0015740478,0.0015740478
0.0015576221,0.0015576221
0.0015400243,0.0015400243
0.0015236343,0.0015236343
0.0015203279,0.0015203279
0.0015004042,0.0015004042
0.0014959247,0.0014959247
0.0014724799,0.0014724799
0.00146091,0.00146091
0.0014469838,0.0014469838
0.0014295229,0.0014295229
0.0014274557,0.0014274557
0.0014147519,0.0014147519
0.0013890682,0.0013890682
0.0013834834,0.0013834834
0.0013613863,0.0013613863
0.001342852,0.001342852
0.0013314084,0.0013314084
0.0013129116,0.0013129116
0.0013109108,0.0013109108
0.0012947988,0.0012947988
0.0012810573,0.0012810573
0.0012649797,0.0012649797
0.0012465738,0.0012465738
0.001229362,0.001229362
0.0012086544,0.0012086544
0.0012125728,0.0012125728
0.0011907278,0.0011907278
0.0011770979,0.0011770979
0.0011681624,0.0011681624
0.0011452127,0.0011452127
0.0011363045,0.0011363045
0.0011122351,0.0011122351
0.0010986908,0.0010986908
0.0011003157,0.0011003157
0.0010856285,0.0010856285
0.0010628105,0.0010628105
0.0010458371,0.0010458371
0.0010288843,0.0010288843
0.0010177612,0.0010177612
0.0009996847,0.0009996847
0.0009804693,0.0009804693
0.0009833088,0.0009833088
0.0009641269,0.0009641269
0.0009438101,0.0009438101
0.0009316199,0.0009316199
0.000912505,0.000912505
0.0008991928,0.0008991928
0.00088474125,0.00088474125
0.0008610746,0.0008610746
0.0008547384,0.0008547384
0.00084725826,0.00084725826
0.00083402597,0.00083402597
0.00081620563,0.00081620563
0.0007961068,0.0007961068
0.0007875305,0.0007875305
0.00076517713,0.00076517713
0.00074514886,0.00074514886
0.00073203066,0.00073203066
0.00071778207,0.00071778207
0.00069896824,0.00069896824
0.00069849973,0.00069849973
0.0006842994,0.0006842994
0.0006666867,0.0006666867
0.00065252447,0.00065252447
0.0006326708,0.0006326708
0.0006174079,0.0006174079
0.0005987433,0.0005987433
0.0005880808,0.0005880808
0.00057173753,0.00057173753
0.0005576916,0.0005576916
0.0005402522,0.0005402522
0.00053306494,0.00053306494
0.00051907176,0.00051907176
0.00050396204,0.00050396204
0.00048546962,0.00048546962
0.0004738023,0.0004738023
0.00045875233,0.00045875233
0.000432403,0.000432403
0.0004230567,0.0004230567
0.00040580996,0.00040580996
0.00038971592,0.00038971592
0.00036574187,0.00036574187
0.00037225755,0.00037225755
0.00035847293,0.00035847293
0.00033682148,0.00033682148
0.00032420518,0.00032420518
0.0003048563,0.0003048563
0.00029227897,0.00029227897
0.00027185516,0.00027185516
0.00025033663,0.00025033663
0.00023333495,0.00023333495
0.00022420389,0.00022420389
0.00020836382,0.00020836382
0.00018582893,0.00018582893
0.00017339336,0.00017339336
0.0001732717,0.0001732717
0.00015862769,0.00015862769
0.0001384226,0.0001384226
0.00011601465,0.00011601465
0.00010255601,0.00010255601
8.911618e-5,8.911618e-5
7.569522e-5,7.569522e-5
5.8955997e-5,5.8955997e-5
4.2240423e-5,4.2240423e-5
2.110523e-5,2.110523e-5
6.660081e-6,6.660081e-6
1.3310698e-5,1.3310698e-5
2.9927764e-5,2.9927764e-5
4.6521152e-5,4.6521152e-5
4.5381115e-5,4.5381115e-5
5.9727605e-5,5.9727605e-5
7.184294e-5,7.184294e-5
8.835885e-5,8.835885e-5
0.00011478427,0.00011478427
0.00013234845,0.00013234845
0.00014547881,0.00014547881
0.0001563875,0.0001563875
0.0001815872,0.0001815872
0.00019685287,0.00019685287
0.00020770039,0.00020770039
0.00022292472,0.00022292472
0.00024580827,0.00024580827
0.00025769297,0.00025769297
0.00027503882,0.00027503882
0.0002978342,0.0002978342
0.00030090075,0.00030090075
0.0003225503,0.0003225503
0.00034635302,0.00034635302
0.00035265204,0.00035265204
0.00036221446,0.00036221446
0.00037176258,0.00037176258
0.00039328,0.00039328
0.00040387918,0.00040387918
0.00042425282,0.00042425282
0.0004359001,0.0004359001
0.0004518744,0.0004518744
0.00046999607,0.00046999607
0.00049025967,0.00049025967
0.0005083254,0.0005083254
0.00052311464,0.00052311464
0.0005422108,0.0005422108
0.0005515449,0.0005515449
0.00057059084,0.00057059084
0.00058960804,0.00058960804
0.0006010427,0.0006010427
0.000616773,0.000616773
0.0006357118,0.0006357118
0.00065246876,0.00065246876
0.00066704775,0.00066704775
0.0006837556,0.0006837556
0.00070473395,0.00070473395
0.0007213873,0.0007213873
0.00074015994,0.00074015994
0.00074925687,0.00074925687
0.0007636947,0.0007636947
0.00078346237,0.00078346237
0.00079999084,0.00079999084
0.0008196999,0.0008196999
0.000834039,0.000834039
0.000848356,0.000848356
0.00085412,0.00085412
0.0008652019,0.0008652019
0.0008954312,0.0008954312
0.0008979524,0.0008979524
0.0009206685,0.0009206685
0.0009337878,0.0009337878
0.00095219514,0.00095219514
0.00096633047,0.00096633047
0.0009868024,0.0009868024
0.000997711,0.000997711
0.001017068,0.001017068
0.0010342806,0.0010342806
0.0010482959,0.0010482959
0.0010601764,0.0010601764
0.0010836448,0.0010836448
0.0010944243,0.0010944243
0.0011188827,0.0011188827
0.0011275118,0.0011275118
0.0011445422,0.0011445422
0.0011646989,0.0011646989
0.0011753705,0.0011753705
0.001191272,0.001191272
0.0012134424,0.0012134424
0.0012240483,0.0012240483
0.0012472046,0.0012472046
0.001255674,0.001255674
0.0012787686,0.0012787686
0.0012861531,0.0012861531
0.0013029223,0.0013029223
0.0013259241,0.0013259241
0.0013426337,0.0013426337
0.0013561929,0.0013561929
0.00137077,0.00137077
0.0013884436,0.0013884436
0.0014029712,0.0014029712
0.0014288981,0.0014288981
0.0014464823,0.0014464823
0.0014495233,0.0014495233
0.0014753506,0.0014753506
0.0014825028,0.0014825028
0.0015041245,0.0015041245
0.0015195099,0.0015195099
0.001532804,0.001532804
0.0015543324,0.0015543324
0.0015675774,0.0015675774
0.0015849213,0.0015849213
0.0016104749,0.0016104749
0.0016298137,0.0016298137
0.0016470659,0.0016470659
0.0016663449,0.0016663449
0.0016814853,0.0016814853
0.0016904463,0.0016904463
0.0017137418,0.0017137418
0.0017226604,0.0017226604
0.0017397507,0.0017397507
0.0017568145,0.0017568145
0.0017799797,0.0017799797
0.0017969813,0.0017969813
0.0018098756,0.0018098756
0.001824784,0.001824784
0.0018355955,0.0018355955
0.00185453,0.00185453
0.0018734343,0.0018734343
0.0018902742,0.0018902742
0.0019070869,0.0019070869
0.0019198117,0.0019198117
0.0019385997,0.0019385997
0.001957356,0.001957356
0.0019639342,0.0019639342
0.0019826388,0.0019826388
0.002001311,0.002001311
0.002019953,0.002019953
0.0020304902,0.0020304902
0.0020531109,0.0020531109
0.0020636015,0.0020636015
0.002080117,0.002080117
0.0021006274,0.0021006274
0.0021110515,0.0021110515
0.002131503,0.002131503
0.0021519195,0.0021519195
0.002166285,0.002166285
0.002186639,0.002186639
0.002206958,0.002206958
0.0022172392,0.0022172392
0.0022394978,0.0022394978
0.002253729,0.002253729
0.0022659393,0.0022659393
0.0022940864,0.0022940864
0.002310228,0.002310228
0.0023163832,0.0023163832
0.0023324774,0.0023324774
0.0023564985,0.0023564985
0.0023665703,0.0023665703
0.0023865518,0.0023865518
0.002400549,0.002400549
0.002410555,0.002410555
0.0024304478,0.0024304478
0.0024463497,0.0024463497
0.002470134,0.002470134
0.0024780687,0.0024780687
0.0025077094,0.0025077094
0.0025274362,0.0025274362
0.002537272,0.002537272
0.00255891,0.00255891
0.0025706692,0.0025706692
0.0025843738,0.0025843738
0.0026039516,0.0026039516
0.002623494,0.002623494
0.0026371179,0.0026371179
0.002654638,0.002654638
0.0026975966,0.0026447023
0.0026817569,0.0026817569
0.0026991942,0.0026991942
0.0027146458,0.0027146458
0.002739834,0.002739834
0.0027454668,0.0027454668
0.0027666877,0.0027666877
0.002799558,0.002799558
0.0028051222,0.0028051222
0.0028262378,0.0028262378
0.002837595,0.002837595
0.0028567014,0.0028567014
0.0028699539,0.0028699539
0.002892878,0.002892878
0.002902199,0.002902199
0.0029192464,0.0029192464
0.0029401314,0.0029401314
0.0029455186,0.0029455186
0.0029682755,0.0029682755
0.0029832744,0.0029832744
0.0030155997,0.0030155997
0.0030286056,0.0030286056
0.003045436,0.003045436
0.0030660834,0.0030660834
0.0030713202,0.0030713202
0.0030938275,0.0030938275
0.0031086206,0.0031086206
0.0031253053,0.0031253053
0.003134296,0.003134296
0.003158585,0.003158585
0.0031713524,0.0031713524
0.003184098,0.003184098
0.0032159155,0.0032159155
0.0032381392,0.0032381392
0.0032546022,0.0032546022
0.0032691306,0.0032691306
0.0032855351,0.0032855351
0.003301911,0.003301911
0.0033163563,0.0033163563
0.0033269778,0.0033269778
0.00334327,0.00334327
0.0033576344,0.0033576344
0.0033719738,0.0033719738
0.0033900712,0.0033900712
0.0034232698,0.0034232698
0.0034356175,0.0034356175
0.0034517203,0.0034517203
0.0034715675,0.0034715675
0.003485724,0.003485724
0.0035055028,0.0035055028
0.0035195984,0.0035195984
0.0035393103,0.0035393103
0.0035514703,0.0035514703
0.0035636057,0.0035636057
0.003586974,0.003586974
0.0036102983,0.0036102983
0.0036204697,0.0036204697
0.0036362382,0.0036362382
0.0036594546,0.0036594546
0.003673286,0.003673286
0.003688958,0.003688958
0.0036990058,0.0036990058
0.003720211,0.003720211
0.0037339283,0.0037339283
0.0037625092,0.0037625092
0.0037761638,0.0037761638
0.0037990792,0.0037990792
0.003818241,0.003818241
0.0038317987,0.0038317987
0.003845333,0.003845333
0.003860691,0.003860691
0.0038704688,0.0038704688
0.003891319,0.003891319
0.0039176657,0.0039176657
0.003942124,0.003942124
0.003953627,0.003953627
0.003966949,0.003966949
0.003989446,0.003989446
0.0039971876,0.0039971876
0.0040122657,0.0040122657
0.004036488,0.004036488
0.004045993,0.004045993
0.004081142,0.004081142
0.0040905788,0.0040905788
0.0041091475,0.0041091475
0.004127684,0.004127684
0.0041425247,0.0041425247
0.0041609886,0.0041609886
0.004172116,0.004172116
0.0041850447,0.0041850447
0.00421798,0.00421798
0.00422902,0.00422902
0.0042527597,0.0042527597
0.0042637372,0.0042637372
0.004285585,0.004285585
0.0042928755,0.0042928755
0.0043110233,0.0043110233
0.004332755,0.004332755
0.0043454017,0.0043454017
0.004367057,0.004367057
0.0043868604,0.0043868604
0.004410238,0.004410238
0.004420946,0.004420946
0.0044406387,0.0044406387
0.004453091,0.004453091
0.004469114,0.004469114
0.004504864,0.004504864
0.004519007,0.004519007
0.004529532,0.004529532
0.0045507867,0.0045507867
0.004566626,0.004566626
0.0045824274,0.0045824274
0.004591048,0.004591048
0.0046139373,0.0046139373
0.0046385624,0.0046385624
0.00466314,0.00466314
0.004673416,0.004673416
0.004687226,0.004687226
0.004702785,0.004702785
0.0047183083,0.0047183083
0.0047409018,0.0047409018
0.0047652246,0.0047652246
0.004780636,0.004780636
0.0047924654,0.0047924654
0.004813121,0.004813121
0.0048337323,0.0048337323
0.004843697,0.004843697
0.004862464,0.004862464
0.004888247,0.004888247
0.0049069277,0.0049069277
0.0049202903,0.0049202903
0.004940654,0.004940654
0.0049521876,0.0049521876
0.004972473,0.004972473
0.0049892045,0.0049892045
0.005021677,0.005021677
0.005036572,0.005036572
0.0050479285,0.0050479285
0.0050680055,0.0050680055
0.005103754,0.0050583407
0.0050992956,0.0050992956
0.0051122745,0.0051122745
0.0051374114,0.0051374114
0.0051590186,0.0051590186
0.0051788394,0.0051788394
0.005195139,0.005195139
0.0052061942,0.0052061942
0.005220694,0.005220694
0.0052455524,0.0052455524
0.00526863,0.00526863
0.005283006,0.005283006
0.0053059906,0.0053059906
0.005316835,0.005316835
0.005332831,0.005332831
0.005352235,0.005352235
0.0053750416,0.0053750416
0.0053977976,0.0053977976
0.005410189,0.005410189
0.0054259803,0.0054259803
0.005448599,0.005448599
0.005459169,0.005459169
0.0054748487,0.0054748487
0.0055315685,0.0054836464
0.005519778,0.005519778
0.005538752,0.005538752
0.0055576786,0.0055576786
0.005574855,0.005574855
0.005593696,0.005593696
0.005621008,0.005621008
0.0056329495,0.0056329495
0.0056482633,0.0056482633
0.005673719,0.005673719
0.0056804665,0.0056804665
0.00570244,0.00570244
0.005732827,0.005732827
0.0057530045,0.0057530045
0.0057579246,0.0057579246
0.005801655,0.005757754
0.0058183046,0.005772757
0.005809638,0.005809638
0.0058666435,0.0058211787
0.005856239,0.005856239
0.0058979536,0.0058525717
0.0058908802,0.0058908802
0.0059123295,0.0059123295
0.0059219943,0.0059219943
0.0059517287,0.0059517287
0.0059747035,0.0059747035
0.005992611,0.005992611
0.006003794,0.006003794
0.0060232896,0.0060232896
0.006036068,0.006036068
0.0060721273,0.0060721273
0.006088144,0.006088144
0.0060974676,0.0060974676
0.0061167264,0.0061167264
0.006129306,0.006129306
0.0061634034,0.0061634034
0.006180858,0.006180858
0.00619496,0.00619496
0.006217292,0.006217292
0.0062280023,0.0062280023
0.0062436406,0.0062436406
0.0062740715,0.0062740715
0.0062896092,0.0062896092
0.006314978,0.006314978
0.006323847,0.006323847
0.006344192,0.006344192
0.0063661193,0.0063661193
0.0063879983,0.0063879983
0.0064049056,0.0064049056
0.0064184987,0.0064184987
0.0064369566,0.0064369566
0.0064570005,0.0064570005
0.006485155,0.006485155
0.0065067234,0.0065067234
0.0065233475,0.0065233475
0.006535055,0.006535055
0.0065580946,0.0065580946
0.006595702,0.0065518604
0.006600772,0.006600772
0.0066236504,0.0066236504
0.0066399937,0.0066399937
0.006649823,0.006649823
0.0066725533,0.0066725533
0.00669522,0.00669522
0.0067146067,0.0067146067
0.006737167,0.006737167
0.0067548375,0.0067548375
0.0067660324,0.0067660324
0.006801294,0.006801294
0.0068380726,0.0067947325
0.006836278,0.006836278
0.0068520997,0.0068520997
0.006867876,0.006867876
0.006883611,0.006883611
0.0069184676,0.0069184676
0.0069356863,0.0069356863
0.006944888,0.006944888
0.0069715776,0.0069715776
0.006983873,0.006983873
0.0070136213,0.0070136213
0.0070274235,0.0070274235
0.0070459303,0.0070459303
0.0070643905,0.0070643905
0.0070859673,0.0070859673
0.0071138158,0.0071138158
0.0071352674,0.0071352674
0.007147196,0.007147196
0.0071890526,0.007146467
0.0071835346,0.0071835346
0.0072094947,0.0072094947
0.0072275307,0.0072275307
0.0072486503,0.0072486503
0.0072665787,0.0072665787
0.0072828853,0.0072828853
0.00731794,0.00731794
0.0073372517,0.0073372517
0.0073549515,0.0073549515
0.007372601,0.007372601
0.007408916,0.0073683537
0.007420208,0.007420208
0.0074345726,0.0074345726
0.007452001,0.007452001
0.0074771424,0.0074771424
0.007485147,0.007485147
0.0075210277,0.0075210277
0.0075366786,0.0075366786
0.0075538275,0.0075538275
0.007572476,0.007572476
0.0075956895,0.0075956895
0.007626555,0.007626555
0.007643472,0.007643472
0.007663415,0.007663415
0.007674063,0.007674063
0.0076908227,0.0076908227
0.0077320854,0.0077320854
0.00776711,0.007725706
0.0077683423,0.0077683423
0.0078016883,0.0077618994
0.007822717,0.007779911
0.007852838,0.0078100767
0.007847795,0.007847795
0.007871699,0.007871699
0.007889435,0.007889435
0.007907115,0.007907115
0.007933858,0.007933858
0.00795445,0.00795445
0.007968914,0.007968914
0.007995438,0.007995438
0.008021888,0.008021888
0.008042213,0.008042213
0.008060959,0.008060959
0.00807965,0.00807965
0.00810279,0.00810279
0.008127369,0.008127369
0.008153382,0.008153382
0.008170293,0.008170293
0.008190151,0.008190151
0.008208436,0.008208436
0.0082386425,0.0082386425
0.008277726,0.008235851
0.008277869,0.008277869
0.008298876,0.008298876
0.0083198,0.0083198
0.008348113,0.008348113
0.008362944,0.008362944
0.008385157,0.008385157
0.008398384,0.008398384
0.008433794,0.008433794
0.008475021,0.008435031
0.008471752,0.008471752
0.008495066,0.008495066
0.008515345,0.008515345
0.008563572,0.008525229
0.00857042,0.00857042
0.008588997,0.008588997
0.008610438,0.008610438
0.008625939,0.008625939
0.008656036,0.008656036
0.008681645,0.008681645
0.008699855,0.008699855
0.00872091,0.00872091
0.008746266,0.008746266
0.008790507,0.008751127
0.008786534,0.008786534
0.008808727,0.008808727
0.008833758,0.008833758
0.00886305,0.00886305
0.008882094,0.008882094
0.008905405,0.008905405
0.0089214025,0.0089214025
0.008957567,0.008957567
0.008973398,0.008973398
0.008994932,0.008994932
0.009023584,0.009023584
0.009044946,0.009044946
0.009069087,0.009069087
0.009093146,0.009093146
0.009117124,0.009117124
0.009140992,0.009140992
0.009187682,0.009150485
0.009194206,0.009194206
0.009213516,0.009213516
0.009237031,0.009237031
0.009276116,0.0092405155
0.009289471,0.009289471
0.0093070185,0.0093070185
0.009335846,0.009335846
0.009354638,0.009354638
0.009381844,0.009381844
0.009404706,0.009404706
0.009433123,0.009433123
0.009452969,0.009452969
0.009485415,0.009485415
0.009527593,0.009488188
0.009526046,0.009526046
0.009572203,0.009535701
0.009592963,0.009556504
0.0096038375,0.0096038375
0.009627228,0.009627228
0.009699419,0.009608601
0.009677897,0.009677897
0.009706556,0.009706556
0.009726753,0.009726753
0.009773274,0.009738514
0.009773814,0.009773814
0.009810363,0.009810363
0.009834316,0.009834316
0.009852622,0.009852622
0.009876366,0.009876366
0.009902766,0.009902766
0.009957997,0.009922157
0.009959367,0.009959367
0.010004672,0.009968922
0.010014108,0.010014108
0.010044048,0.010044048
0.010086189,0.010051943
0.010089868,0.010089868
0.010135849,0.010100323
0.0101502715,0.0101502715
0.010193233,0.01015916
0.010197909,0.010197909
0.010226995,0.010226995
0.010260026,0.010260026
0.010280705,0.010280705
0.0103270225,0.01029046
0.010331233,0.010331233
0.010358337,0.010358337
0.010413638,0.0103758685
0.010421588,0.010421588
0.010448289,0.010448289
0.010469501,0.010469501
0.010501326,0.010501326
0.010547742,0.0105129
0.0105739115,0.010539116
0.010579889,0.010579889
0.010616492,0.010616492
0.010666264,0.010626276
0.010674573,0.010674573
0.010696093,0.010696093
0.010750676,0.010716159
0.010763943,0.010763943
0.01083139,0.010746656
0.010813969,0.010813969
0.010848018,0.010848018
0.0108766295,0.0108766295
0.010948547,0.01086691
0.01094787,0.010914997
0.0109681245,0.0109681245
0.010998761,0.010998761
0.011023983,0.011023983
0.011094835,0.011011149
0.011081846,0.011081846
0.011119659,0.011119659
0.011163801,0.011127343
0.011218136,0.011131022
0.011202128,0.011202128
0.0112431375,0.0112431375
0.011267113,0.011267113
0.011296111,0.011296111
0.011323648,0.011323648
0.011369067,0.011369067
0.011412982,0.011376942
0.01144254,0.011406553
0.011471923,0.011435989
0.01148832,0.01148832
0.011525053,0.011525053
0.01157053,0.011537311
0.011587701,0.011587701
0.011639129,0.011606009
0.011657235,0.011657235
0.011684091,0.011684091
0.011719642,0.011719642
0.01175245,0.01175245
0.0118052885,0.011767361
0.011821254,0.011821254
0.011867317,0.011832029
0.011908104,0.011872869
0.011926048,0.011926048
0.0119714225,0.011938807
0.011987748,0.011987748
0.012027658,0.012027658
0.012058597,0.012058597
0.012091819,0.012091819
0.012128571,0.012128571
0.012170042,0.012170042
0.012205072,0.012205072
0.012236148,0.012236148
0.012288029,0.012253405
0.012311218,0.012311218
0.0123884445,0.012308328
0.012380397,0.012380397
0.012415231,0.012415231
0.012453507,0.012453507
0.012493961,0.012493961
0.012570834,0.012492602
0.012581396,0.012549668
0.012608856,0.012608856
0.012664057,0.012628788
0.012684928,0.012684928
0.012720128,0.012720128
0.012758688,0.012758688
0.012799381,0.012799381
0.0128446035,0.0128446035
0.0129148,0.012835361
0.012925715,0.012925715
0.012960428,0.012960428
0.013037949,0.012958932
0.013039732,0.013039732
0.013123665,0.013047316
0.013127337,0.013127337
0.013178369,0.013147465
0.013205315,0.013205315
0.013284102,0.013208307
0.01330685,0.013276115
0.013370614,0.01329392
0.01337508,0.01337508
0.013416967,0.013416967
0.013504251,0.013425643
0.013509034,0.013509034
0.013563856,0.013531129
0.0136147635,0.0135821
0.013643154,0.013643154
0.013682846,0.013682846
0.0137244845,0.0137244845
0.013777319,0.013777319
0.013838966,0.013806622
0.013867851,0.013867851
0.0139125185,0.0139125185
0.013982017,0.0139498655
0.014046419,0.013971936
0.0140554225,0.0140554225
0.014106382,0.014106382
0.014199011,0.014130681
0.014242119,0.0141682485
0.01429386,0.01421901
0.014303251,0.014303251
0.014359761,0.014359761
0.01440787,0.01440787
0.014473468,0.014441985
0.014548602,0.014474551
0.014595112,0.014521224
0.014654536,0.014579694
0.014707804,0.014634243
0.014726063,0.014726063
0.014774986,0.014774986
0.014836637,0.014836637
0.01492086,0.01485017
0.014962484,0.014931629
0.015037667,0.014965107
0.015095675,0.015017801
0.015149798,0.015078672
0.0151716005,0.0151716005
0.015234313,0.015234313
0.015326761,0.015285478
0.015360916,0.015332739
0.015430177,0.015397744
0.01546527,0.01546527
0.015572901,0.01550083
0.015593715,0.015592642
0.015692111,0.015621474
0.015757527,0.01568707
0.0158264,0.015757192
0.01588488,0.015811604
0.015954224,0.015882201
0.016021647,0.015949814
0.016063938,0.016033387
0.016123375,0.016123375
0.016182976,0.016182976
0.01628245,0.016240655
0.016373517,0.016304746
0.016395925,0.016395925
0.016508823,0.016439406
0.016573932,0.016504714
0.016616425,0.016616425
0.016732978,0.016664164
0.016779589,0.016746819
0.016878314,0.01680889
0.016960489,0.016894327
0.017036354,0.016967352
0.01708672,0.01707357
0.0171723,0.01714608
0.017281715,0.01721738
0.01736855,0.017301416
0.017471991,0.01740907
0.017530084,0.017501215
0.017628532,0.01756305
0.017710611,0.01764436
0.017803978,0.017738938
0.017883943,0.01784859
0.017998528,0.017931005
0.01805669,0.018029386
0.018185223,0.018123038
0.018279772,0.018215876
0.018354122,0.018301073
0.01846423,0.018398887
0.018578976,0.018514838
0.018672466,0.018634321
0.018783856,0.018719263
0.018893914,0.01881917
0.018990373,0.018949855
0.019119257,0.01905638
0.019232452,0.019184789
0.01936448,0.019296544
0.019472415,0.019427009
0.019597964,0.019535227
0.019692082,0.019663608
0.019841092,0.019778915
0.01997766,0.019914858
0.020095477,0.020030249
0.020243429,0.020168593
0.020393051,0.020326653
0.020520099,0.020441528
0.020681571,0.020587407
0.020830885,0.020730132
0.020974116,0.02089587
0.021154089,0.021050904
0.021309111,0.021194313
0.02149728,0.021340743
0.021659316,0.021526031
0.021809965,0.021687716
0.022017924,0.021849668
0.022200877,0.022031115
0.02238412,0.022222135
0.02257892,0.022431318
0.022778016,0.02261979
0.022989152,0.022824591
0.023214083,0.023040863
0.023436654,0.023232222
0.02367397,0.02343239
0.023946736,0.023635864
0.024224913,0.02385304
0.024502723,0.024089023
0.024802199,0.024306156
0.025081357,0.02462671
0.025408812,0.024899226
0.025702309,0.025202002
0.026013324,0.025516335
0.026361464,0.025853826
0.026791774,0.026199577
0.027298026,0.0265083
0.027835086,0.026756914
0.028363341,0.027016975
0.028867086,0.027317699
0.029295491,0.027719464
0.029817423,0.028269602
0.030742554,0.028646532
0.03226872,0.02851471
0.033280548,0.028440809
0.033912633,0.02904722
0.034584302,0.029544733
0.037408367,0.026925819
0.041492134,0.026443895
0.042454924,0.023803305
0.05826622,0.012501475
0.06587077,0.014614815
0.10739494,0.00028823686
0.25636345,1.3651656e-5
0.74373287,0.00021246585
1.9121487,0.0010466691
1.8905973,0.0017823454
1.8956559,0.0026099752
1.9011168,0.00046805924
1.9051392,0.0020294385
1.9089524,0.00032936077
1.9123029,0.003139463
1.9159213,0.0012327557
1.9192183,0.00087159657
1.9223269,0.0004912223
1.925411,0.00086421025
1.927524,0.002571315
1.9298823,0.0044525773
1.9322704,0.008994004
1.9349186,0.0003768384
1.9368232,3.0424284e-5
1.9394258,0.003934444
1.9408103,0.00085418264
1.9431309,0.0038222421
1.9448205,0.00062897644
1.9470371,0.00087766815
1.9487962,0.0006811067
1.9505882,0.0017574826
1.9518394,0.0063180965
1.9531726,0.00027175335
1.9553434,0.00010232641
1.9574726,0.0011136876
1.958468,9.777082e-5
1.9607953,0.0006287213
1.9616593,0.0015186527
1.9639031,0.0014064084
1.9648978,0.00066125946
1.9661366,0.001111017
1.968042,0.00065929856
1.9688357,0.0005229181
1.9710368,0.0011382765
1.9719812,0.004051128
1.972045,0.0010430453
1.9750154,0.0048035067
1.9757932,0.0010656394
1.9770855,0.0022418809
1.9788076,0.0018682072
1.979507,0.0005005239
1.9810387,0.00023655026
1.9824737,0.00091218145
1.9829036,0.0004431678
1.9846205,0.0009794482
1.9860629,0.0004724822
1.9866434,0.00011619509
1.9878232,0.0012349793
1.9894884,0.0028337229
1.9902784,0.00063465803
1.99104,0.00012477483
1.992851,0.00095412333
1.9927003,0.0052581145
1.9930279,0.005721249
1.9955668,0.00055979734
1.9971765,0.0014203187
1.9977914,0.0017279853
1.9985429,0.00082447106
2.0004723,0.00042169596
2.001064,0.002449425
2.0017638,0.00011445964
2.0029228,0.0015234709
2.0044453,0.00089575985
2.0050144,0.0016798071
2.0056942,5.5028264e-5
2.0071418,0.0013496291
2.008383,0.0013520024
2.0089314,0.0016500315
2.0094876,0.0027229101
2.0110161,0.0007097381
2.0121357,0.0015886954
2.0127351,0.0007550679
2.0130339,0.002399652
2.0145106,0.0047570877
2.0157325,0.0014763031
2.0152419,0.0060473005
2.0170407,0.0008869192
2.0177324,0.0014158355
2.0195043,0.0016103248
2.020178,0.000632881
2.0206602,0.0012374766
2.0213084,0.00032134153
2.0225952,0.0001157044
2.0238411,0.0019525801
2.0243685,0.0016398578
2.0248678,0.0026186686
2.025545,0.004825388
2.027277,0.0033535236
2.0279772,0.00046554924
2.0284922,0.0005161572
2.0290039,0.00029865082
2.0297685,0.0020778207
2.031439,0.0011489837
2.032082,0.00082228554
2.0325158,0.000816543
2.0330622,0.00030459184
2.033943,0.0017252499
2.0354717,0.000579416
2.0360596,0.0005593776
2.0365784,0.006235504
2.0349238,0.0065954537
2.03764,3.694301e-5
2.0393782,0.003958455
2.0397604,0.00057797274
2.040529,0.00079349254
2.0410085,0.0012035631
2.0416071,0.00072174036
2.043042,0.0015335636
2.0439715,0.0020139737
2.0445046,0.0008642444
2.0449169,0.0012383471
2.0454319,0.00093605765
2.0461464,0.0011455376
2.0476968,4.6384557e-5
2.0483682,0.00021704564
2.0487187,0.0058552744
2.0492668,0.00041130808
2.0497866,0.00089156313
2.0508382,0.0012146358
2.052105,0.0008108968
2.052725,0.00048526342
2.0530066,0.0013365187
2.0535846,0.0013276192
2.0540547,0.0005529741
2.0551267,0.0009327655
2.0563302,0.0014989777
2.0569487,0.000105096566
2.05745,0.0010929462
2.0577538,0.0004491644
2.057713,0.00059504044
2.058705,0.00096516294
2.0603387,0.005334806
2.0612252,0.007535331
2.0616944,0.0059866016
2.062111,0.005423549
2.0625541,0.0011409392
2.063099,3.0174806e-5
2.0643919,0.00095041434
2.06535,0.0011354237
2.0658514,0.0018505594
2.0663135,0.00043478925
2.0667052,0.0009354815
2.067163,0.00039534518
2.067759,0.0027249532
2.0692177,0.0026090608
2.0699973,0.0012424875
2.0704906,0.00010191551
2.0708513,0.0014649989
2.071131,0.0028725076
2.0714023,0.00076335826
2.072049,0.0038418435
2.073749,0.0007443111
2.07454,0.0012872152
2.0750394,0.00024789758
2.075476,2.5299709e-5
2.0758786,0.0015954097
2.0762887,0.00034288503
2.0768511,0.0023350152
2.0780349,0.00052538613
2.078941,0.0018575477
2.079577,0.0007555711
2.0799358,0.00036888412
2.0803192,0.0015337276
2.0807526,0.0009363016
2.0812318,0.0009065007
2.0819652,0.0004344186
2.083316,0.0015497763
2.0840254,0.005133236
2.08451,0.008710665
2.0849144,0.008977986
2.0851755,0.007158444
2.0855913,0.0035121876
2.0860617,0.00016530983
2.0868552,0.00040534977
2.0880404,0.0011602191
2.088894,0.0009708559
2.0893261,0.00036678588
2.089734,0.0012629889
2.090184,0.0008108423
2.0905266,0.0003797677
2.091043,0.0002547601
2.0916474,0.0022824209
2.092991,0.001184226
2.0937371,0.001421725
2.093921,0.00039555645
2.0946522,0.0032437944
2.095038,0.0006994875
2.0953214,0.0001167251
2.0958223,0.00083589624
2.0963576,0.00013729853
2.0973585,0.0021672412
2.0984178,9.1960304e-5
2.09882,0.0031623743
2.0994008,0.002123906
2.0998638,0.0006837415
2.1002588,0.00021464206
2.100556,9.7627315e-5
2.101017,0.00049283064
2.1015828,0.0011648153
2.1024585,0.00011645766
2.1036355,0.0025145242
2.1042259,0.00068074366
2.1046672,0.001683653
2.1049953,0.001576689
2.105435,0.0016310911
2.1058483,0.0009967946
2.106254,0.0018882288
2.1067314,0.0018668745
2.1075475,0.0006138717
2.1086812,0.0013357615
2.109315,0.002321416
2.1098406,0.00037241355
2.1097548,0.0008661436
2.1105745,0.00052680454
2.111016,0.007339764
2.111207,0.0030989156
2.109051,0.0005366711
2.1115541,0.0037860267
2.11335,0.0048156786
2.11423,0.00084076327
2.1139781,0.0004739206
2.1153915,0.0011636536
2.1157804,0.0012996868
2.116165,0.0003866246
2.1164925,0.00046838095
2.1168604,0.0010130946
2.1173563,0.0016684522
2.1177588,0.00050602533
2.1187038,0.00015567512
2.119649,0.0018506061
2.1203134,0.0011885111
2.120908,0.00050407706
2.121338,0.00058069784
2.1217246,0.0014157393
2.1220794,0.0014301841
2.122477,0.003248182
2.1228778,0.001754017
2.1232777,0.00045820788
2.1236622,0.0010413222
2.1248646,0.0010254376
2.1257718,7.3763265e-5
2.126361,0.0003130842
2.1264095,0.0028907163
2.1272283,0.00222572
2.127527,8.659896e-5
2.1275213,0.0015967296
2.1283665,0.0020637005
2.1287267,0.0007351823
2.1291778,0.0003989727
2.1296434,0.00018637207
2.130589,0.0003336182
2.1315665,0.0009361596
2.1322107,0.0007097373
2.1326537,0.00021199195
2.1329665,0.0009183018
2.1333523,0.0011833175
2.1338155,0.0014892563
2.134264,0.00029862314
2.1346035,0.0007856514
2.1349998,0.0009036377
2.1354687,1.3669161e-5
2.1358461,0.0012138045
2.136946,0.0019934806
2.1378593,0.0007771167
2.138412,0.0012452219
2.138931,8.163116e-5
2.1393628,0.00082083413
2.1396565,0.00045928857
2.140121,0.0018917021
2.1405306,0.00022655427
2.1406543,0.0004912745
2.1413026,0.0024640108
2.139758,4.1297102e-5
2.1421926,0.008177662
2.1417856,0.00032132925
2.142929,0.0077180495
2.1445668,0.0021586204
2.1435542,0.0028726563
2.14563,0.0025933904
2.1453042,0.00053831656
2.1464238,0.0029745074
2.146794,0.0006371856
2.1471512,0.0015514762
2.1475444,0.00075948186
2.1479414,3.2499836e-5
2.1483393,0.00044106765
2.1488311,0.00031011473
2.149378,0.00064424676
2.1505082,0.0013308149
2.1512525,0.0011192344
2.1517866,0.00036196757
2.152256,0.0007692165
2.1525786,0.0017303191
2.152956,0.0019374419
2.1533487,0.0009978663
2.1537702,0.00015745498
2.1541858,0.00018327951
2.1543572,0.0019452678
2.154925,0.00022689422
2.1553283,0.0029207019
2.155866,0.00024570458
2.1566064,0.0021754152
2.157591,0.00023525492
2.158153,0.0017212355
2.1587858,0.00016750162
2.1592643,0.0012397947
2.1595583,7.2416944e-5
2.1597857,0.00082275487
2.1601233,9.98208e-5
2.1602516,6.8371264e-5
2.160509,0.00031923433
2.1610591,0.00020119891
2.1617281,0.00029992376
2.1621354,0.00016563732
2.162794,0.00089694123
2.163211,0.00016402843
2.1642025,0.0010463624
2.16508,0.0008633357
2.1656253,0.00059362955
2.1662376,0.0015338984
2.1666884,0.0006451826
2.1670897,0.0007173309
2.1674118,0.00037817992
2.1678405,0.0030298918
2.1679988,1.984271e-5
2.1686234,0.0007528637
2.168968,0.00042996643
2.1693292,0.0006946441
2.1696835,0.0008106639
2.1701374,0.0008870113
2.1706536,0.0015987667
2.1712177,0.0020236978
2.172193,0.00042830367
2.1729617,0.00080113974
2.173419,0.00020777754
2.1740541,0.00012566701
2.1744974,0.0014124478
2.1748824,7.608608e-5
2.175267,0.00096830516
2.1756332,0.000644804
2.1760428,0.0008934124
2.176435,0.0005411549
2.1765072,0.00025445377
2.1771972,0.00071935327
2.1769552,0.0037236616
2.1779745,0.00010423404
2.178038,0.004832742
2.178773,7.1849586e-6
2.179423,0.0031824275
2.1791365,0.00467902
2.1811907,0.0010906013
2.1776607,0.009395162
2.182247,0.0009865348
2.1810212,0.005402681
2.182933,0.0031156805
2.1833153,0.0006557279
2.183307,0.005314517
2.1842728,0.0004431209
2.1833396,0.003115681
2.185029,0.0007298288
2.1853585,7.918899e-5
2.185789,0.001490297
2.186135,9.347186e-5
2.1865854,0.00040585618
2.1870425,0.0009982954
2.1874902,0.0011477231
2.1882322,0.0015186738
2.1890552,0.00036340038
2.1898124,4.4691267e-5
2.190337,0.0011012359
2.190827,0.0012919509
2.1912365,0.0010494505
2.1917129,0.0018669644
2.1920834,0.00026845527
2.1924825,0.0012495717
2.1928625,0.00089926063
2.1932507,0.00085357396
2.1936264,0.00035356276
2.1939943,0.000697539
2.1944225,0.0005761702
2.1948135,0.00039160167
2.1950305,0.00010178796
2.195237,0.00013691085
2.195821,0.0009796752
2.196521,0.0015909052
2.1970816,0.0015563983
2.1979704,0.0010266007
2.1986916,0.0023363468
2.1992426,0.00019427338
2.1998417,4.5160272e-5
2.2003064,0.0004804312
2.2007384,0.0013805314
2.2011013,0.00027531784
2.2015529,0.0012583613
2.2019527,0.0002324999
2.2022955,0.00024413811
2.2026992,0.0013308445
2.2026122,0.00038923183
2.2033057,0.00090075046
2.2038627,0.0037814467
2.2039146,0.0014847206
2.2038825,0.0009246076
2.2050319,0.0036092154
2.2054446,0.0012795186
2.2056727,4.7954778e-5
2.2063777,0.0019993347
2.2069721,0.0006192316
2.207822,0.0005149024
2.2085483,0.0012115822
2.2091267,0.0006972908
2.2096558,0.00070652115
2.2100646,0.00028773423
2.2104867,0.00051625853
2.2109902,0.00016761817
2.2114153,5.7362624e-5
2.2118142,0.0004126878
2.2121036,0.00082354015
2.2125006,0.0004792959
2.2128518,0.00044220767
2.2131546,0.00061156024
2.2135673,0.00021817154
2.2140803,0.00013055417
2.214473,0.00033426937
2.2148376,0.0008406267
2.2152889,0.0007635726
2.215712,0.00014132942
2.2161233,0.0007730588
2.2165196,0.0017812067
2.216884,0.0002969844
2.217703,0.00023642175
2.218517,0.001019755
2.2191901,0.002104098
2.219823,0.0005910317
2.2203386,0.0012430088
2.2207103,0.00022060165
2.2212565,0.0015955813
2.221605,0.00019840745
2.2220294,0.0015845131
2.2224927,0.0004643725
2.222892,8.416283e-5
2.223302,0.0009428899
2.2236795,0.001239086
2.2239907,0.00097545044
2.2244377,0.0011457605
2.224854,0.0007727587
2.225179,0.00014895783
2.225636,0.0023293004
2.2260292,0.0005814593
2.2261808,0.00027751492
2.2268305,0.002389318
2.227217,0.0013312126
2.226239,0.00033404265
2.228136,0.001013503
2.2285795,0.0052153757
2.2282507,0.00068309664
2.229422,0.000106109124
2.2306921,0.004365912
2.2308145,0.005290972
2.2286303,0.0008356228
2.2319634,0.0021548304
2.2326446,0.007352321
2.230427,0.0053263293
2.2316632,0.00013615972
2.2340634,0.0033283862
2.2340837,0.0076794205
2.2319124,0.0011203178
2.2350764,0.00011080271
2.2356598,0.0028699124
2.2356784,0.0050983657
2.2355788,4.733403e-5
2.2368283,0.00029728244
2.237224,0.0022077663
2.2373283,0.0027827993
2.2380023,0.00064400065
2.238407,0.00047900964
2.2387638,0.0013488238
2.23906,0.0007319295
2.239624,0.000105839434
2.23998,0.00044076407
2.2403934,0.00028887435
2.2409644,0.0010813685
2.241395,0.0008770031
2.241963,6.4047505e-5
2.2426984,0.00065637607
2.2434525,0.0007363431
2.2440028,0.0007668668
2.2445874,0.0010426184
2.2450767,0.0001290235
2.2455533,0.00047072675
2.2458599,0.0005374861
2.2464366,0.0013047925
2.2468896,0.0011063014
2.2472923,0.00036653312
2.2476907,0.00013629334
2.2480576,0.00040031737
2.2484796,0.00042274137
2.2488701,0.00021554298
2.2492177,0.00023013852
2.2495794,0.00071032846
2.249992,0.0005478324
2.2503543,0.0008099302
2.2507846,0.0013039168
2.2512956,0.0008577578
2.25163,0.0006206638
2.2520754,0.00087010337
2.252477,0.0004233465
2.252726,0.0016858482
2.253308,0.00036752794
2.2536404,0.001173135
2.2538233,0.001937168
2.2545395,0.0003758887
2.254959,0.0013542171
2.2550583,0.0021828134
2.2559268,0.00027261922
2.2566223,0.0013171874
2.257178,0.001221575
2.2580094,8.855202e-5
2.2586005,0.0009923526
2.2587974,0.00072705065
2.2596056,0.000114525705
2.2600327,0.00010895829
2.2605577,0.00079100375
2.2609975,0.00084244297
2.2614381,0.001034709
2.2618632,0.001354787
2.2622676,0.0008454085
2.2626903,0.0013004787
2.2630904,0.00023073186
2.2634795,0.0010780772
2.2639232,0.00014115352
2.264311,0.00030138792
2.2646847,2.0572322e-6
2.265096,0.0008958667
2.2653456,0.00056905055
2.2659318,0.0017033181
2.266229,0.00052325916
2.2665455,0.0009667369
2.267124,0.0022835222
2.2666423,0.00018310944
2.2679098,0.002925309
2.2678952,0.0016148874
2.268264,0.0015063218
2.2691448,0.0032262092
2.2685552,9.5160816e-5
2.269989,0.0020747369
2.270173,0.0014482866
2.270725,9.062248e-5
2.2713165,0.002473089
2.2714636,0.0002686994
2.272219,6.7133704e-5
2.272793,0.0014480142
2.2735002,4.257119e-5
2.274124,0.0010165181
2.2747767,0.00081579346
2.2753108,0.00050914794
2.2757623,4.799404e-5
2.2763422,0.0009071785
2.2767673,0.0012704936
2.2771862,0.0003351155
2.2777107,0.00043303616
2.2781498,0.00019856534
2.2785952,0.00011325994
2.2790232,0.0006103928
2.2794178,0.000375211
2.2798653,0.0011375231
2.2802062,0.0018286514
2.2806973,0.0005701667
2.2810676,0.0010110132
2.2811663,0.00011572709
2.2819169,0.0017023289
2.282124,6.552371e-5
2.2827349,0.0021532145
2.2828474,1.3096597e-5
2.28353,0.0019954958
2.2836487,0.00035486516
2.284295,0.0022279802
2.2846274,0.00024571718
2.28515,0.0018754076
2.2854667,0.00019812938
2.2859547,0.0012698724
2.2863905,0.00040804475
2.286723,0.0016343022
2.2872066,0.0007854927
2.2876391,0.0012125695
2.2880504,0.0005254291
2.2884824,0.0003032501
2.2888672,1.5364249e-6
2.2892752,0.00013706379
2.2896361,0.0007680918
2.289968,0.00027074138
2.29069,0.0015687793
2.291086,0.000297744
2.2914438,0.00076253875
2.2921405,0.0016893196
2.292594,8.482987e-5
2.2933161,0.0013638492
2.294046,0.0004471481
2.294453,9.1257716e-5
2.2951384,0.0012349492
2.2956278,0.0001051273
2.295951,0.0013170345
2.2965941,0.0009419064
2.2970283,9.2311646e-5
2.297478,9.60322e-6
2.297829,0.0011170063
2.298375,0.0011500367
2.2988343,0.00022079815
2.2991893,0.000585808
2.2994704,0.0012746038
2.300031,1.5408648e-5
2.3005197,0.00062659936
2.300965,0.0013233965
2.3013406,0.0006654576
2.301803,0.000120496516
2.302225,0.0003075589
2.3026283,0.00062242494
2.3030326,0.0008238789
2.3034444,0.00043699532
2.303865,3.50576e-5
2.3042955,0.00025447455
2.3047132,0.0004340492
2.305126,0.00050003035
2.3055348,0.00045849857
2.3059342,0.00030797604
2.3063064,0.0016252066
2.3067126,0.0003158412
2.3071442,0.00032345217
2.3075857,0.00043385045
2.3080184,0.0006553499
2.308423,0.00076812465
2.3087783,0.0002811501
2.3090305,0.0019421094
2.3090024,0.0021890984
2.3100717,0.00032089374
2.3105223,7.456222e-5
2.3109112,0.0005740336
2.311369,0.0001755459
2.3117654,0.00057929155
2.3118982,0.0014346332
2.311001,0.0035625622
2.312239,0.00325291
2.3134344,0.001451886
2.3139803,0.00034828013
2.3144727,0.00021062366
2.3149369,0.0002679087
2.3151317,0.0004950288
2.3144646,0.0024921645
2.3131332,0.001722675
2.315649,0.00500996
2.317342,0.0033686252
2.3182414,0.0017325057
2.3187826,0.00010490503
2.3192582,2.9309293e-5
2.3189733,0.00045641948
2.3177838,0.002365128
2.31575,0.0042633475
2.3184953,0.0037721691
2.3206043,0.0060204077
2.3219619,0.004427517
2.322625,0.0028444328
2.3228273,0.0012742167
2.322182,2.2894877e-5
2.320715,0.0018164946
2.3188765,0.003383295
2.3202596,0.0049133576
2.3231804,0.0064358087
2.3251107,0.0063720075
2.3261116,0.0045694523
2.3265495,0.0027806493
2.3266795,0.0010038785
2.326219,2.3419396e-5
2.3251977,3.1319363e-5
2.323645,0.0015051832
2.3263621,0.0029672005
2.3283584,0.00077150384
2.3294783,0.0058597396
2.3299482,0.0042113382
2.3303595,0.0025091518
2.330762,0.00081847
2.3307178,9.3743e-5
2.330135,0.00010247575
2.3290439,6.8246554e-5
2.3311071,0.00047345008
2.3326082,0.0018577491
2.3333151,0.0032308223
2.3337407,0.00453001
2.3341284,0.002912252
2.3345816,0.0013050621
2.334993,0.00028927045
2.3350532,0.00048588938
2.334616,0.00021117022
2.3351176,2.6896967e-5
2.3364725,7.200834e-5
2.3370953,7.968656e-5
2.3374825,0.0013801953
2.337911,0.0026720949
2.3383443,0.002430738
2.3387644,0.0009147199
2.3391716,0.0005911649
2.3395872,0.00051943655
2.3395302,0.00036258285
2.340099,0.0001219772
2.3409295,0.00020019112
2.3413494,0.00060652744
2.3417532,0.00066070585
2.3421247,0.00012881488
2.3426096,0.0013430057
2.3430815,0.0012905987
2.3434947,0.00012992672
2.343828,0.0003916322
2.3443701,0.0009755878
2.344579,0.0003369347
2.3452778,0.0003766848
2.3457263,0.0009060846
2.3461127,8.0382604e-5
2.3467057,0.00082592486
2.3471172,0.00035096152
2.347493,0.00070915633
2.3480716,0.00037651675
2.3484607,0.00018386528
2.3491726,0.00086040597
2.3496377,0.00035780773
2.3502908,0.00080079684
2.3506954,0.00037151398
2.3513787,0.00089458446
2.351727,0.00023402896
2.352391,0.0011396648
2.3527443,5.5126948e-5
2.3533664,0.0010251874
2.353683,0.0004897242
2.3543224,0.00054648047
2.3545501,4.78002e-5
2.3552487,7.8985046e-5
2.3557043,0.00030159796
2.3561144,0.00083588215
2.3565974,0.00079998263
2.3569603,0.00029271303
2.3574476,0.0013796152
2.3579242,0.00039501482
2.358212,0.00064848294
2.3588476,0.0012261611
2.3590937,0.0002249445
2.359671,0.00076709373
2.360138,0.0009248705
2.3604696,0.000174741
2.3610373,0.00065678416
2.3614113,0.0007277788
2.3618917,0.0003192382
2.362342,0.000312135
2.362718,0.0007620891
2.3632228,0.00023691381
2.3635192,0.0012272783
2.3638954,0.0010206759
2.3645275,6.942238e-5
2.3648126,0.00087401585
2.3651557,0.001497606
2.3658187,0.00059272617
2.366247,0.0003047622
2.366584,0.00022023333
2.3670704,0.0012104181
2.3675327,0.00047357037
2.3679097,0.000284456
2.3682096,0.0006583637
2.3688405,0.0014572677
2.369261,0.00065511843
2.3694215,0.00010011524
2.369921,0.00079037587
2.3705654,0.0016760763
2.3709106,0.0010626919
2.3709679,0.0002139017
2.3717868,0.0006279736
2.3722951,0.0014621192
2.3725991,0.00096135854
2.3728585,2.9121384e-5
2.3735645,0.00017884045
2.3740144,0.0009650752
2.3743627,0.0012124205
2.3746142,0.00036408685
2.375291,0.0004743649
2.3756955,0.00019448949
2.376156,0.0009283876
2.3763988,0.0009438333
2.376977,0.00015096883
2.3774486,0.0006339666
2.3776748,0.00014753175
2.3783114,0.00053596834
2.3786886,0.0010421355
2.3791757,0.00030264157
2.3795652,0.00043199898
2.3799744,0.00089923874
2.3804746,0.00011176922
2.38072,0.0006681353
2.38133,0.00080198236
2.3817368,0.00011715541
2.3821702,0.00018516417
2.3826191,0.00043821963
2.382843,0.00029148153
2.3834326,0.0010133138
2.383937,0.0009966699
2.3843038,0.0003639785
2.3848002,0.00026222653
2.3852131,0.00042182818
2.3856368,0.000252753
2.3858314,0.00092139124
2.386325,0.0015842116
2.3869493,0.0010178578
2.3873858,0.00044125615
2.38784,0.00012974655
2.3881397,0.00020147084
2.3882408,0.00041552584
2.3888896,0.0002401884
2.389536,0.000900823
2.3909986,0.0015562604
2.3926122,0.0016255394
2.3940456,0.0010521108
2.3950229,0.00048239273
2.395538,8.047018e-5
2.3974683,0.00022841108
2.3999443,0.0008313749
2.4021106,0.00143071
2.4039567,0.0020228785
2.405559,0.0017542299
2.406842,0.0012370903
2.4077342,0.0007250852
2.4082391,0.00021904982
2.409434,0.0002748264
2.4122808,0.0007802432
2.4147975,0.0012734965
2.4169436,0.0017606447
2.418718,0.0020650674
2.4203613,0.0015042018
2.4217777,0.00094648043
2.4229424,0.00039430783
2.4238489,0.00015356936
2.4249992,0.0001251658
2.4277081,0.00032265857
2.4301035,0.0007661963
2.4321735,0.0012019433
2.4339144,0.0016301454
2.435585,0.001487611
2.4370906,0.001005385
2.4383328,0.00053378777
2.4393215,7.1853385e-5
2.4400587,0.00038184755
2.4418213,9.508355e-6
2.4443862,0.0003889186
2.446701,0.0007814325
2.448778,0.0011697112
2.4505951,0.0015507835
2.4521682,0.0019298935
2.453951,0.0015346155
2.455658,0.0011371387
2.4571648,0.0007442841
2.458467,0.00035338156
2.4597995,3.0333897e-5
2.4620492,0.00041112694
2.4640598,0.00050742395
2.4658294,0.00017157638
2.4673512,0.00016010563
2.469056,0.00048836845
2.470904,0.0008124785
2.4725654,0.0009412869
2.4740367,0.00056596193
2.4757829,0.00019401782
2.4776561,0.00017194898
2.4793944,0.00053379097
2.4809859,0.0007413122
2.48244,0.00042093048
2.4841843,0.00010408992
2.4861345,0.00020856693
2.4879067,0.00051681005
2.4895053,0.0008206685
2.4909322,0.00069772336
2.4925935,0.00043149656
2.4945786,0.00016890356
2.496436,8.939458e-5
2.4981644,0.000344331
2.4997637,0.0005948152
2.5012429,0.00030984738
2.502599,1.765753e-5
2.5038328,0.00027064176
2.5050108,0.0005544783
2.5073256,0.0008329597
2.5095217,0.0010172386
2.5115993,0.00077143445
2.5135608,0.00053007074
2.5154073,0.0002927552
2.5171397,5.9950224e-5
2.5187662,0.00017038152
2.5202806,0.0003951923
2.5216901,0.000618225
2.523099,0.00083541166
2.5252016,0.0010491697
2.5272236,0.0012596127
2.5291712,0.0013655475
2.5310473,0.0011442539
2.5328531,0.00092804304
2.5345907,0.0007150991
2.53636,0.0005064145
2.5380404,0.0003020659
2.539636,0.000101006575
2.541142,9.653646e-5
2.5425603,0.00028984982
2.5439017,0.0004783492
2.5458622,0.000664094
2.547963,0.00084512465
2.55,0.0010232236
2.5519826,0.0011959481
2.5539048,0.0012376072
2.5557773,0.0010560657
2.5575953,0.00087978796
2.5593646,0.00070604717
2.5610814,0.0005354287
2.5627575,0.0003707437
2.5643878,0.00020941782
2.5659785,5.1339815e-5
2.5675287,0.00010223719
2.5690398,9.162419e-5
2.57062,2.6973228e-5
2.5727208,0.00014096002
2.5747802,0.00025356832
2.5767987,0.0003612025
2.5787776,0.00046623452
2.5807204,0.0005678957
2.5826304,0.00066633907
2.5845082,0.0007614237
2.5863562,0.00085330266
2.58817,0.00094218994
2.589959,0.0010284657
2.591723,0.0011106996
2.5935726,0.0011370215
2.5954309,0.0010505171
2.5972745,0.00096767355
2.5991044,0.00088682305
2.600927,0.0008098707
2.602737,0.00073560653
2.6045396,0.0006660569
2.6063342,0.00059945177
2.6081204,0.00053531025
2.6098986,0.0004745171
2.6116762,0.0004171486
2.613451,0.00036317777
2.6152198,0.0003118756
2.6169887,0.0002636707
2.6187568,0.0002191342
2.6205268,0.00017743527
2.622296,0.00013875391
2.6240659,0.00010300212
2.6258352,7.040069e-5
2.627618,4.1272575e-5
2.6293945,1.39474805e-5
2.6312103,8.355037e-6
2.633156,2.9029428e-5
2.6350915,4.592596e-5
2.6370246,6.0936753e-5
2.6389515,7.214053e-5
2.640874,8.1161044e-5
2.6427937,8.6713975e-5
2.644707,8.8928464e-5
2.6466186,8.8341796e-5
2.6485283,8.579619e-5
2.6504376,8.0050864e-5
2.6523376,7.0744914e-5
2.6542375,5.8536923e-5
2.656139,4.3860004e-5
2.6580334,2.6617021e-5
2.6599243,6.5890904e-6
2.661817,1.6929898e-5
2.6637042,4.2349093e-5
2.665591,7.0476905e-5
2.667474,0.00010268761
2.6693552,0.00013676383
2.6712315,0.00017310724
2.673105,0.0002128272
2.674973,0.0002553103
2.676839,0.00030038948
2.6786985,0.00034727188
2.6805553,0.00039795335
2.6824028,0.0004505296
2.684376,0.0005062073
2.6863933,0.00056433544
2.6884062,0.0006255744
2.690431,0.0006894549
2.6924467,0.00075510726
2.6944766,0.00082307035
2.6965005,0.0008945462
2.6985261,0.00096820254
2.7005515,0.0009583265
2.7025719,0.0008782541
2.7045941,0.0007958548
2.7066107,0.0007111938
2.7086205,0.0006241151
2.7106242,0.0005349234
2.7126188,8.378917e-5
2.7146087,0.00034905763
2.7165854,0.00025317224
2.7185574,0.00015481093
2.7205112,5.3838983e-5
2.7224503,4.9140664e-5
2.724376,0.00015452266
2.7262855,0.00026206346
2.7281747,0.00037177876
2.7300453,0.00048330682
2.731936,0.0005984919
2.7340534,0.00047676844
2.7361503,0.00035102764
2.7382233,0.00022399462
2.7402706,9.3788636e-5
2.7422974,3.8355978e-5
2.744291,0.0001733859
2.746258,0.00031123616
2.7481835,0.00045093254
2.750079,0.0005938944
2.7519352,0.00073833775
2.753754,0.0008851288
2.7555256,0.0009845129
2.7572572,0.00083555584
2.7589712,0.0006836499
2.7613149,0.0005299632
2.7636175,0.00037501057
2.7658832,0.00021574626
2.7681031,5.610923e-5
2.7702775,0.00010621744
2.7723992,0.00027109118
2.7744756,0.0004380756
2.7764935,0.00060697057
2.778456,0.000777831
2.7803593,0.0009513972
2.7821958,0.0009343523
2.783972,0.0007602743
2.7856789,0.00058561034
2.7873178,0.00040844717
2.7895863,0.00022910198
2.7920115,4.8125177e-5
2.7943747,0.00013465548
2.7966678,0.0003194704
2.7988956,0.00050639326
2.8010428,0.0006954202
2.8031187,0.00088617764
2.805112,0.00103227
2.807045,0.0008431095
2.8092694,0.00065212435
2.8113887,0.00046007548
2.813406,0.000265297
2.815313,7.021652e-5
2.8171074,0.00012797311
2.818783,0.00032785317
2.820334,0.00011098978
2.8223739,0.00011020613
2.8250072,0.0003338334
2.827523,0.0005589604
2.8299174,0.00078691565
2.8321896,0.0010156308
2.834333,0.00094654463
2.8363414,0.00071979704
2.8382227,0.00049175037
2.8399663,0.00026198462
2.8415692,3.121427e-5
2.8430305,0.00020167278
2.845527,0.00043707553
2.8482172,0.0006734541
2.850765,0.0009123025
2.8531728,0.0010572714
2.855432,0.0008702748
2.857544,0.0006351852
2.8594968,0.00039830024
2.8612952,0.00015906905
2.8629386,8.08418e-5
2.8644118,0.00013220342
2.8662388,0.00039943765
2.8691056,0.00066842115
2.8718143,0.00093970296
2.874357,0.0011245917
2.876741,0.00085912575
2.878952,0.0005917605
2.8810058,0.00032364094
2.8828583,5.292544e-5
2.884551,0.00021891878
2.8860593,0.0004927622
2.8873925,0.0007686008
2.8904686,0.0010444224
2.893332,0.0010936637
2.8959692,0.00082349085
2.8983781,0.00055155024
2.9005556,0.00027759984
2.9025047,3.5328055e-6
2.9042165,0.00027238732
2.9056892,0.00054994953
2.907467,0.0008289991
2.9105518,0.001023918
2.9133449,0.00072379044
2.9158413,0.00042261972
2.9180362,0.00011933601
2.9202662,0.00018492849
2.922385,1.3545951e-5
2.9242558,0.000263824
2.9258637,0.0005431048
2.9272273,0.00082326116
2.9303584,0.0008570897
2.9331844,0.00055439095
2.9356966,0.00025110925
2.93789,5.3913704e-5
2.9397633,0.00035957136
2.941313,0.00066726364
2.942546,0.0008663886
2.9434433,0.00053574145
2.9468558,0.00020475428
2.9501398,0.00012877106
2.9530916,0.00046265035
2.9557097,0.00017047857
2.9579964,0.00013370566
2.959949,0.00043946828
2.9615655,0.0007457652
2.9638069,0.00060167164
2.9667408,0.00027120832
2.9692578,5.9572034e-5
2.9713595,0.00039205884
2.9730492,0.0007260076
2.9757745,0.0010604897
2.978291,0.0013971499
2.9804583,0.0011052807
2.9822776,0.000291404
2.9841747,0.00045388212
2.9871233,0.00012575675
2.9896486,0.00020285023
2.991738,0.0005326379
2.9934123,0.00050620636
2.9961019,0.00015289697
2.9987564,0.0002023693
3.0008996,0.00055901805
3.0025277,0.0007713596
3.004325,0.00044905784
3.0074723,0.00012643752
3.010181,0.00019769222
3.0124521,0.00052131177
3.014282,0.00031538922
3.016862,3.3742035e-5
3.0194154,0.00038364902
3.0214496,0.0003565864
3.0229511,1.8402136e-5
3.0239356,0.0003948068
3.0243933,0.00077169325
3.026215,0.0009802277
3.0305128,0.0006397228
3.0342693,0.00029924035
3.0374932,4.3002834e-5
3.0401704,0.00038520098
3.0423179,0.00014641247
3.0446727,0.00022193442
3.0470793,0.000590637
3.0488663,0.0009599475
3.0500202,0.0013310796
3.0505624,0.0015633136
3.0540476,0.001205594
3.0577085,0.0008462588
3.0608227,0.00048549243
3.0634036,0.00012219275
3.0655806,0.00024369247
3.0681145,1.4555502e-5
3.0704682,0.00041421712
3.0727186,0.0008174491
3.074222,0.001227575
3.0749698,0.0012736884
3.0749652,0.0008950352
3.0784872,0.0005141908
3.082664,0.00013165288
3.086194,0.00014006846
3.0890806,9.6486365e-5
3.0914161,0.00033879047
3.0936368,0.0007743819
3.0951214,0.0012103085
3.095888,0.0016405705
3.0959299,0.0012474905
3.0952575,0.00085371744
3.0998974,0.00046123672
3.1048753,6.790009e-5
3.1090953,0.00019818194
3.1125548,0.00061882613
3.1152637,0.0010395596
3.117316,0.0014619514
3.1185267,0.0018027896
3.118939,0.0013891598
3.118706,0.00095372624
3.1188421,0.00051759975
3.1249352,8.113741e-5
3.1300023,0.00023992409
3.134054,0.00065082323
3.13711,0.0010627607
3.1395547,0.0014746714
3.1416898,0.0014883644
3.1430793,0.0010364624
3.14374,0.0005823718
3.143682,0.00012880214
3.1455994,1.1716571e-5
3.1511087,4.950439e-5
3.1555984,0.0004499615
3.1590836,0.00085006905
3.161578,0.0012520134
3.164122,0.0013674019
3.16589,0.000924078
3.1668153,0.0004826345
3.1669145,3.904012e-5
3.1694882,0.00018741848
3.1746538,0.00022854438
3.1786892,0.0006453849
3.1815865,0.0010623296
3.1839526,0.0012181168
3.1865127,0.00075977115
3.188104,0.00030086495
3.188736,0.0001589504
3.189717,0.00020355528
3.1949718,0.00022884436
3.1989343,0.0006612398
3.201638,0.0010942409
3.2038832,0.00084339175
3.206766,0.0003686255
3.208549,0.00010695493
3.211816,0.00044344037
3.2141776,3.6895974e-6
3.2155764,0.0004512998
3.2160308,0.00021514337
3.22061,0.00020387663
3.2244463,0.00062361767
3.227034,0.00095395854
3.2285194,0.00049134914
3.232179,2.8316428e-5
3.2347305,0.0004337183
3.2361965,0.00042504157
3.237922,8.977561e-6
3.2422376,0.00044410944
3.2451446,0.00082340755
3.2466838,0.0003470325
3.249621,0.00013190195
3.252959,0.000610942
3.255066,0.00044379025
3.256406,5.098321e-6
3.2605724,0.0004555738
3.2631888,0.0005002645
3.2642922,6.7394826e-6
3.2675626,0.0004867679
3.2711828,0.00073446304
3.2734232,0.00027076804
3.2743258,0.00019357934
3.2777328,0.0006588346
3.2815778,0.00071394996
3.2841902,0.00027895882
3.2863688,0.0001564775
3.289626,0.0003845775
3.291372,9.482124e-5
3.2916424,0.0005748821
3.296037,0.0009687487
3.300061,0.0005192584
3.3027163,7.036732e-5
3.3055234,0.0003347564
3.3076584,0.00015888255
3.3081665,0.00065290654
3.3103085,0.001061015
3.3153675,0.00059783045
3.3189013,0.00013313816
3.3215754,0.00012258424
3.3235316,0.00038608638
3.3237102,0.0008951201
3.3254833,0.0009918254
3.331087,0.000513948
3.3349993,3.5417837e-5
3.3372633,0.0004434423
3.3379087,0.0009224286
3.336985,0.001152379
3.3425348,0.0007039805
3.3476717,0.00025592578
3.351307,0.00019256069
3.3534517,0.00064164633
3.3541574,0.0010912112
3.3534536,0.0008743217
3.359971,0.00036748167
3.3647134,0.000114149225
3.3676863,0.00034813522
3.3698416,0.000811501
3.3704138,0.0008535224
3.3729086,0.00033281
3.3782167,0.00018916107
3.3813405,0.00018733749
3.38418,0.00066483836
3.3857126,0.0011410543
3.3855166,0.00082061463
3.3880312,0.00032995702
3.39404,0.00016026964
3.39806,0.0006512
3.4001272,0.0011423485
3.4002993,8.007996e-5
3.4014075,0.00023847775
3.407794,0.00026583084
3.4119968,0.00024776897
3.4140775,0.00021223909
3.4173827,0.0005305897
3.4202428,1.3217629e-5
3.4222896,0.0005054815
3.426052,0.00022120817
3.4275324,0.00025110648
3.4312418,0.00018673248
3.434431,0.00034517713
3.4371493,0.00054943835
3.4397566,6.2863284e-5
3.4405026,0.00042361373
3.4455483,0.0009091834
3.448497,0.00077179354
3.4493787,0.00027289218
3.4491777,0.00022729604
3.4557996,0.00072651124
3.4600973,0.0008893386
3.4621286,0.00037662493
3.4619536,0.0001361205
3.4660666,0.0006494066
3.4713259,0.0008127364
3.4741066,0.0003458167
3.4744945,0.00012100865
3.4769533,0.0005882145
3.4826908,0.0008090479
3.485996,0.00027021105
3.4878044,4.123586e-6
3.4887648,0.00048344018
3.4944031,0.00096416456
3.497461,0.0005021226
3.5000315,9.696129e-6
3.500422,0.00048302516
3.5036576,0.0009307167
3.5089715,0.0004252765
3.5118475,8.045687e-5
3.5123441,0.00058641727
3.5155191,0.00076245255
3.5207639,0.0002450882
3.5233984,0.00027342924
3.5234826,0.00079131074
3.5281441,0.00049271435
3.5327077,3.800505e-5
3.534482,0.00056797557
3.5348322,0.00017515253
3.5410655,0.000122058824
3.5442579,0.00042068347
3.5444903,0.00048862
3.5500038,7.5439093e-6
3.5533922,0.00047413335
3.5544622,0.0007288708
3.5572495,0.00023520128
3.562212,0.00025774402
3.5645912,0.00074978697
3.5644653,0.00025357684
3.5704658,0.00011298965
3.5740645,0.00061554846
3.5749278,0.00047458752
3.5785816,3.8913946e-5
3.5830348,0.000551092
3.584523,0.0004898466
3.5869687,3.308741e-5
3.5918455,0.0005557364
3.593555,0.00043411422
3.5959058,0.00010460547
3.600778,0.00039345154
3.6023028,8.422281e-5
3.6055615,0.0005770182
3.6097362,0.00036285512
3.6102312,0.00016620985
3.614996,0.0006959886
3.618078,0.00018649735
3.618529,0.00034721967
3.623784,0.00050263666
3.6269865,3.715256e-5
3.6273296,0.0005751095
3.633076,0.00022889189
3.6358123,0.00031953992
3.6374571,0.00044732724
3.6424825,0.00011263409
3.6441774,0.0006140234
3.647935,4.0425482e-5
3.6514688,0.0005321487
3.6527023,0.0011051543
3.6578724,0.000752608
3.65926,0.00025368194
3.6638281,0.00024537067
3.6663046,0.00045055692
3.6648624,6.148767e-5
3.659674,0.0005724609
3.670506,7.140342e-5
3.6781971,0.00045256168
3.682741,0.00015327032
3.6842206,0.0003837959
3.6888347,0.00018229178
3.691414,0.00036644563
3.6947231,0.00016024584
3.6981223,0.00040173146
3.7006924,8.6177766e-5
3.7045872,0.00048827016
3.7069097,0.0010624967
3.7109313,0.0016365957
3.713425,0.0015397683
3.7171571,0.0010400284
3.7201645,0.00054085586
3.7231565,4.093953e-5
3.7217913,0.00045828472
3.7162457,2.6392718e-5
3.7067168,0.00037842113
3.7101123,0.0001464824
3.7253964,0.00022012478
3.7370033,0.00031755053
3.7449954,9.236276e-6
3.749445,0.00031000862
3.7519784,0.0002529957
3.7556922,8.86289e-6
3.7589955,0.0005680069
3.7614932,0.0011438426
3.7656498,0.0017192032
3.7685418,0.0022953392
3.7714288,0.0021993157
3.7753847,0.0016983906
3.7785757,0.0011969229
3.7805028,0.0006965489
3.7776573,0.00019538714
3.7702641,0.00030492776
3.7585554,0.00012566053
3.742807,2.7854421e-5
3.7414374,0.00015506498
3.7643673,0.000255835
3.7830923,0.00029616192
3.7976818,0.0002340865
3.8081932,0.000197587
3.8147066,0.0007754878
3.8176606,0.0013536426
3.821073,0.0019313308
3.8246238,0.0025087507
3.828057,0.0030856591
3.8314154,0.0027247057
3.8347242,0.0022229254
3.8379595,0.0017207847
3.8369958,0.0012184073
3.8309257,0.00071666256
3.819981,0.00021416428
3.804502,0.00015611801
3.784735,7.127995e-5
3.761063,3.906886e-5
3.7695107,0.00017589911
3.7997558,5.232122e-5
3.8253598,0.00052766973
3.8462954,0.00110687
3.8626091,0.0016852812
3.874421,0.0022650382
3.8817601,0.002843793
3.8855093,0.0034220754
3.8887417,0.003627307
3.892279,0.0031245418
3.8957314,0.0026224244
3.8955452,0.0021204285
3.8897223,0.0016180385
3.878536,0.0011156952
3.862279,0.0006126303
3.8413439,0.00011024574
3.816041,3.1440673e-6
3.7867417,1.2117483e-5
3.7571855,0.00038642334
3.7993078,0.00096755667
3.8363857,0.0015494879
3.8683004,0.00213121
3.8950222,0.0027122274
3.9166157,0.0032936207
3.9331048,0.003874083
3.9445598,0.0044070627
3.9510982,0.0039049694
3.9545164,0.0034027628
3.9535873,0.0029019364
3.9465654,0.0024016376
3.933824,0.0019034194
3.9160163,0.0013935734
3.8969219,0.0008211506
3.8743727,0.00024737773
3.8486295,8.802671e-5
3.819939,0.0005852078
3.788587,0.0010823819
3.829023,0.0015788511
3.8779402,0.0020767516
3.9194179,0.002574672
3.9533417,0.003072433
3.9797456,0.0035713227
3.9986153,0.004070376
4.0100455,0.0037046233
4.0147877,0.0031245584
4.018378,0.0025444117
4.0216722,0.001965428
4.0208263,0.001387768
4.0149326,0.0008111792
4.0042057,0.00023580917
3.9889452,9.13395e-5
3.969411,0.00012811346
3.9458632,0.000120604185
3.9187055,0.000341753
3.901803,0.00083473924
3.9504223,0.0013262104
3.9909976,0.0018160804
4.0235,0.002306312
4.047827,0.0027943682
4.064101,0.0032817852
4.0724335,0.003096745
4.075941,0.0025302384
4.0793767,0.0019653242
4.083227,0.0014031316
4.086835,0.0008428286
4.09034,0.00028516504
4.090181,0.0001816304
4.084462,0.00010158942
4.073467,4.2345506e-5
4.0574503,5.4426923e-6
4.036658,4.937486e-5
4.011134,8.990307e-5
4.030001,0.0006345309
4.0676656,0.0011694357
4.0966454,0.0016968108
4.1169715,0.0022193198
4.1287236,0.0027383787
4.132113,0.00221029
4.136149,0.0016128463
4.1402993,0.00101854
4.144352,0.00042362086
4.1480994,0.00017047983
4.1512375,0.000107121625
4.154547,1.928219e-5
4.1592536,9.537038e-5
4.158766,0.00023638227
4.152181,0.00030439376
4.1397905,0.00012426487
4.1218505,8.1645965e-5
4.116995,0.00043160928
4.149891,0.000944006
4.1733894,0.0014549289
4.1876254,0.0019653838
4.1927547,0.0016865095
4.1970677,0.0010956157
4.199251,0.0005043942
4.2042055,8.478559e-5
4.208331,0.00017192397
4.210171,0.00040421
4.2162175,0.00010789989
4.2182217,0.00021388111
4.223618,0.0003357582
4.2265697,2.5481413e-5
4.231052,0.0004123328
4.2287097,0.000110807945
4.2198052,0.00031457728
4.2077127,0.00019459885
4.2332153,0.0007029955
4.2487106,0.0012101739
4.2544217,0.0011536034
4.257518,0.00056733354
4.261626,1.9768915e-5
4.265722,0.00042832736
4.269145,0.00014401208
4.2735195,0.00034211672
4.277119,0.00021675829
4.2808905,0.00030799545
4.285504,0.0002383556
4.2875333,0.0003258528
4.2939725,0.00020710655
4.29288,0.00039548645
4.3019147,0.0001244067
4.303407,0.00051645533
4.2975745,1.0154971e-5
4.3120985,0.00049499026
4.3170433,0.0005923865
4.31873,7.328149e-6
4.3256574,0.0005757264
4.323993,7.450047e-5
4.3338156,0.00049548474
4.3340416,0.00019293153
4.3406076,0.00036401313
4.344869,0.00036255372
4.344768,0.00018021953
4.3539233,0.00058345974
4.3542194,5.345768e-5
4.3595796,0.00047554346
4.3658137,0.00033921335
4.363616,0.00017708311
4.3727846,0.0006760697
4.377527,0.0001727761
4.3801246,4.5683996e-6
4.3816204,0.00058538764
4.3904285,0.00025141102
4.3885646,0.00031595718
4.396568,0.00055907754
4.402007,5.33037e-6
4.397272,0.0005486405
4.4098864,0.00037683727
4.413554,0.00016360784
4.409367,0.0007029084
4.4223976,0.00027345304
4.425821,0.00025377978
4.4203863,0.000759679
4.4342647,0.00024629396
4.438894,0.00026582304
4.443943,5.339553e-5
4.4449472,0.0002975031
4.4521656,0.00020113612
4.456429,0.00017190751
4.454568,0.0007353927
4.4587946,0.00033684383
4.468958,0.00021272567
4.468082,0.0007631431
4.468803,0.00036030108
4.4811816,0.0001761327
4.482862,0.0007120793
4.4758725,0.00046064047
4.492007,6.18442e-5
4.497765,0.0005836877
4.493361,0.00044680052
4.5045247,0.00012618936
4.5108604,0.00037779618
4.512307,0.0005073199
4.5146775,5.114246e-5
4.523761,9.4468385e-5
4.528093,0.0005875614
4.527385,0.00010085987
4.535954,0.0004437418
4.5383224,0.00086263736
4.529079,0.0003324694
4.54422,0.00019772892
4.5537467,0.00072748214
4.551884,0.0006418389
4.5451794,0.00012611781
4.5634694,0.00037074758
4.570645,0.00019468617
4.5752363,0.0005298304
4.5738306,3.1081025e-5
4.5808167,8.181778e-5
4.5879283,0.00046731537
4.5920205,0.0005312999
4.5862284,4.999895e-5
4.596242,9.009055e-5
4.605504,0.00062156434
4.6084704,0.00088792073
4.6007524,0.00037426758
4.6036634,0.00013698648
4.620854,0.0006468175
4.6257033,0.000931562
4.6184735,0.0004181077
4.620019,4.986243e-5
4.6382318,0.000546076
4.6438217,0.0008938055
4.639518,0.00031355378
4.6374245,1.2046364e-5
4.6548634,0.00056152354
4.6602974,0.0006944013
4.661248,0.00012808824
4.651049,5.3639218e-5
4.670765,0.0004530205
4.677195,0.00067312276
4.6823807,0.00013186199
4.6800547,0.00040984293
4.6841054,0.0005602385
4.695769,1.9160929e-5
4.6943817,0.0002474274
4.700206,0.00027901816
4.708742,0.0005465398
4.710753,1.7484777e-5
4.717474,0.00046711904
4.7133474,4.3391476e-5
4.7270284,0.0005547826
4.725874,9.023966e-5
4.7343106,0.00045811263
4.7394376,0.00029667447
4.741894,0.00019940683
4.749002,0.00030234532
4.741866,0.00023033445
4.756086,0.00015589946
4.762813,0.0004146632
4.766425,0.00061769
4.7705884,9.969925e-5
4.7771125,0.0003437191
4.7736406,0.00021170358
4.77098,0.0007679362
4.789162,0.00053048733
4.793867,2.7683245e-5
4.799412,9.2821196e-5
4.7915807,0.0004487327
4.787973,0.0009895103
4.8097086,0.00057271763
4.8183794,8.4886924e-5
4.8222437,2.9451638e-5
4.81384,0.0002188479
4.796251,0.0007833082
4.824891,0.0009992295
4.8409,0.0004884169
4.8463316,2.2859667e-5
4.8453755,0.0003904065
4.8275523,0.0009402751
4.823944,0.0011029249
4.853919,0.00060650863
4.8696303,0.00010086735
4.870889,0.0003861787
4.8580585,0.0008835009
4.832513,0.0010863517
4.8700514,0.0005284376
4.891427,2.9328605e-5
4.898429,0.000113913076
4.8962283,0.0005963937
4.8803816,0.001062262
4.897729,0.0005185529
4.9167438,2.4271423e-5
4.9221787,0.00014297105
4.927029,0.0006487072
4.925706,0.0011543452
4.91144,0.00063353643
4.937224,0.00010518982
4.9453797,0.00018810845
4.951034,0.0003022215
4.947519,0.00070236577
4.929019,0.00015018585
4.9496922,0.00035858457
4.9692655,0.00015523659
4.971723,0.0001663415
4.97997,0.00030914493
4.979189,0.00032749193
4.9886565,0.00020938448
4.9905586,0.00023607988
4.998718,0.00026281044
5.0005603,0.0007619714
5.0066094,0.0006279328
5.0131826,0.00010567106
5.0190306,0.0004167463
5.0165296,0.00026400716
5.0262465,0.00021984431
5.0324583,0.00022322554
5.022651,0.00054365024
5.0319734,3.5587243e-5
5.0485053,0.00047159678
5.046979,0.00044279764
5.04776,2.6258056e-5
5.0633082,0.00039033513
5.064365,0.00060942495
5.054151,0.00011639636
5.076405,0.00037516837
5.0811453,0.0006274147
5.068372,0.00011045649
5.091315,0.0004043731
5.0983243,0.0004963109
5.0978355,4.286413e-5
5.0970597,0.00012807551
5.113299,0.0006035361
5.1125336,0.0002341428
5.116276,0.00026567068
5.128475,0.0004964742
5.121639,2.7287171e-5
5.1375628,0.00027203024
5.139036,0.00018823845
5.148559,0.0005111601
5.148492,2.786927e-5
5.1555667,0.00045434074
5.162662,0.00014617294
5.1627274,0.000358995
5.1738057,0.00016820182
5.164262,0.00035959878
5.181512,0.00048280862
5.18829,1.8489214e-5
5.19034,0.00044388426
5.1988864,3.3436658e-7
5.201584,0.00039610002
5.208061,0.000109666566
5.214211,0.00061236223
5.2140455,0.0006766651
5.191683,0.00023975907
5.218471,0.00019296588
5.234883,0.00010536883
5.235421,0.000349291
5.244286,0.0001337575
5.2503257,7.8039e-6
5.2458506,0.00057036674
5.2196136,0.0011101209
5.229688,0.00060161005
5.2605505,0.00010527831
5.2746587,0.0001456721
5.2795105,0.00014104285
5.2844887,0.00038959953
5.2899294,0.00091766595
5.2874107,0.001237944
5.2615848,0.0007634728
5.219095,0.0002931035
5.271294,0.0001736537
5.3055615,2.515238e-5
5.3216295,0.00018071153
5.3262997,0.0007169266
5.3272367,0.0012511163
5.306012,0.0013693398
5.262325,0.00088551716
5.244653,0.00040632367
5.3012424,6.7473076e-5
5.340558,0.00026407998
5.3624096,0.00078113185
5.369396,0.001297207
5.3638,0.001760307
5.333333,0.00128287
5.2781153,0.00080902013
5.2440753,0.00031501666
5.320967,0.00012374415
5.374102,0.0005810367
5.403624,0.0010323831
5.412385,0.001480865
5.407613,0.0014714893
5.383825,0.00094373064
5.3409004,0.00041857845
5.3291078,9.857198e-5
5.3949304,0.00017202187
5.4352093,0.0006389329
5.4501824,0.0011018958
5.455782,0.0014107438
5.460799,0.00087146845
5.4526763,0.00033577057
5.425987,0.00017554256
5.3842,6.426466e-5
5.445339,1.4146726e-6
5.481755,0.00045304038
5.4934425,0.000901941
5.4989696,0.001130517
5.50499,0.00060581847
5.4972725,8.6170934e-5
5.469442,0.00013301245
5.4836707,0.00022844697
5.5209346,0.00023829039
5.5317307,0.00069952593
5.538482,0.000893989
5.541607,0.00035967596
5.546652,0.00016795148
5.555102,3.553075e-5
5.5528827,0.00028984214
5.5311365,0.00018853946
5.5610056,0.00013679739
5.577533,0.00031555886
5.5774345,0.0007634502
5.5878134,0.00028716895
5.5896034,0.00022703163
5.5990276,0.00018381822
5.58744,0.00030427362
5.608051,0.0001781675
5.613559,0.00028611204
5.6187787,0.00039582836
5.625988,0.00013163594
5.625895,0.0004151518
5.6395025,8.797553e-5
5.630499,0.00053358026
5.649547,5.2785832e-5
5.6531453,0.00042123866
5.6624928,0.00029098586
5.6568155,0.0001615763
5.6690617,1.2610699e-5
5.678172,0.0005211035
5.663059,0.0002514905
5.6886373,0.00023769723
5.6960163,0.0006155888
5.695019,0.0001470037
5.693446,8.057039e-5
5.7142334,0.00059941714
5.7090497,0.00030750537
5.7091155,0.00019446101
5.731248,0.000688369
5.729782,0.00031480318
5.7236323,0.00016106818
5.748617,0.0006303945
5.7536917,0.00022005061
5.7416825,1.9472805e-5
5.762941,0.00042889695
5.769757,0.00034090123
5.7635846,0.0001473488
5.7841673,0.0005193145
5.789296,8.658661e-6
5.7895927,0.000148711
5.7976494,0.0003138948
5.804992,0.00022690321
5.7855854,0.00027076312
5.7919893,0.0007587733
5.8224173,0.00061930873
5.8280916,0.00014027867
5.8361707,0.00033142042
5.8353558,2.2892722e-5
5.840576,0.000525355
5.8547697,0.0002598679
5.85888,0.00018593682
5.8620048,4.407267e-6
5.871266,0.00012215454
5.8527203,0.0003921738
5.8733783,0.00070424913
5.890505,0.00024791365
5.8964186,0.00020097298
5.8880043,0.0002339154
5.8521357,0.000704339
5.8752317,0.0010764376
5.912939,0.000617705
5.924679,0.00015980513
5.9241147,8.3707055e-5
5.8944025,0.000630878
5.8945403,0.001012207
5.936056,0.0005068581
5.95372,1.5823121e-5
5.952338,0.00037553458
5.9221153,0.0009058366
5.8888216,0.001071088
5.95055,0.0005437023
5.9820127,1.2435128e-5
5.9881406,0.00036904006
5.972652,0.0008474892
5.933184,0.00088452786
5.983967,0.00034163301
6.013377,9.772531e-5
6.0202627,0.00040394816
