x,y
-0.37985672634542966,0.00010152080409919773
-0.37749975836658706,0.00010862333650650535
-0.3751427903877444,0.00011641084450898787
-0.3727858224089018,0.00012492707390353297
-0.37042885443005913,0.0001342192301182904
-0.3680718864512165,0.00014433816453851556
-0.3657149184723739,0.00015533857159522046
-0.36335795049353126,0.00016727919699335847
-0.36100098251468865,0.00018022305746617784
-0.358644014535846,0.00019423767244325374
-0.3562870465570034,0.00020939530802777107
-0.3539300785781608,0.00022577323367733992
-0.3515731105993181,0.00024345399199078577
-0.3492161426204755,0.0002625256819971111
-0.34685917464163285,0.0002830822563527069
-0.34450220666279024,0.00030522383284206644
-0.34214523868394764,0.00032905702058343145
-0.339788270705105,0.00035469526133333207
-0.33743130272626237,0.00038225918627954325
-0.3350743347474197,0.00041187698870728817
-0.3327173667685771,0.00044368481291487405
-0.3303603987897345,0.00047782715974417633
-0.32800343081089184,0.0005144573090834353
-0.32564646283204923,0.0005537377596821352
-0.32328949485320657,0.0005958406866067578
-0.32093252687436397,0.0006409484166457202
-0.31857555889552136,0.0006892539219544858
-0.3162185909166787,0.0007409613322086062
-0.3138616229378361,0.0007962864655085694
-0.31150465495899343,0.000855457378254737
-0.3091476869801508,0.000918714934180026
-0.3067907190013082,0.0009863133926950873
-0.30443375102246556,0.0010585210166713255
-0.30207678304362295,0.0011356206997405489
-0.2997198150647803,0.0012179106131602162
-0.2973628470859377,0.0013057048722394347
-0.2950058791070951,0.0013993342222841897
-0.2926489111282524,0.001499146743960544
-0.2902919431494098,0.0016055085779334705
-0.28793497517056715,0.0017188046685703527
-0.28557800719172455,0.0018394395264505984
-0.28322103921288194,0.0019678380093517394
-0.2808640712340393,0.0021044461213216795
-0.2785071032551967,0.0022497318293758003
-0.276150135276354,0.002404185897285426
-0.2737931672975114,0.0025683227358482396
-0.2714361993186688,0.0027426812689550894
-0.26907923133982614,0.0029278258146794717
-0.26672226336098354,0.0031243469805388863
-0.2643652953821409,0.003332862571983111
-0.26200832740329827,0.003554018513074547
-0.25965135942445566,0.0037884897782329337
-0.257294391445613,0.004036981333820109
-0.2549374234667704,0.00430022908823836
-0.25258045548792774,0.004579000849118239
-0.25022348750908513,0.004874097286062763
-0.2478665195302425,0.0051863528973143894
-0.24550955155139986,0.005516636978596296
-0.24315258357255723,0.005865854592276933
-0.24079561559371462,0.006234947534890633
-0.238438647614872,0.006624895300934684
-0.23608167963602936,0.007036716040757288
-0.23372471165718672,0.007471467510225713
-0.2313677436783441,0.007930248009761774
-0.22901077569950148,0.008414197310209884
-0.22665380772065885,0.008924497562894984
-0.22429683974181622,0.009462374191113215
-0.22193987176297358,0.010029096760187418
-0.21958290378413095,0.010625979823112992
-0.21722593580528834,0.011254383738709111
-0.2148689678264457,0.011915715459090478
-0.21251199984760308,0.012611429283169755
-0.21015503186876044,0.01334302757280759
-0.2077980638899178,0.01411206142813011
-0.2054410959110752,0.014920131318448687
-0.20308412793223257,0.01576888766513068
-0.20072715995338994,0.01666003137269523
-0.1983701919745473,0.01759531430433233
-0.19601322399570467,0.018576539697985887
-0.19365625601686207,0.019605562519074967
-0.19129928803801943,0.020684289745888016
-0.1889423200591768,0.021814680583635854
-0.18658535208033417,0.022998746603123097
-0.18422838410149153,0.02423855179997187
-0.18187141612264893,0.025536212570320713
-0.1795144481438063,0.02689389759892201
-0.17715748016496366,0.02831382765556622
-0.17480051218612103,0.029798275295787977
-0.1724435442072784,0.031349564461838814
-0.1700865762284358,0.0329700699799583
-0.16772960824959315,0.03466221695003459
-0.16537264027075052,0.036428480023819286
-0.1630156722919079,0.03827138256794507
-0.16065870431306525,0.04019349570809815
-0.15830173633422265,0.042197437250811126
-0.15594476835538001,0.04428587047947263
-0.15358780037653738,0.04646150282129511
-0.15123083239769475,0.0487270843821436
-0.14887386441885211,0.05108540634630173
-0.1465168964400095,0.05353929923844701
-0.14415992846116688,0.056091631045310564
-0.14180296048232424,0.05874530519472217
-0.1394459925034816,0.06150325838998025
-0.13708902452463897,0.06436845829773662
-0.13473205654579637,0.06734390108786276
-0.13237508856695374,0.07043260882404276
-0.1300181205881111,0.07363762670413898
-0.12766115260926847,0.07696202014969517
-0.12530418463042584,0.08040887174426513
-0.12294721665158322,0.08398127802059874
-0.1205902486727406,0.08768234609707673
-0.11823328069389796,0.0915151901641457
-0.11587631271505533,0.09548292782189344
-0.11351934473621271,0.09958867627029071
-0.11116237675737008,0.10383554835402876
-0.10880540877852746,0.108226648464292
-0.10644844079968482,0.11276506830023017
-0.10409147282084219,0.11745388249331293
-0.10173450484199957,0.12229614409819456
-0.09937753686315694,0.12729487995414657
-0.0970205688843143,0.13245308592156876
-0.09466360090547168,0.13777372199852833
-0.09230663292662905,0.14325970732273316
-0.08994966494778643,0.14891391506479007
-0.0875926969689438,0.15473916721904907
-0.08523572899010116,0.1607382292987836
-0.08287876101125854,0.16691380494289576
-0.08052179303241591,0.17326853044177626
-0.07816482505357329,0.17980496919037992
-0.07580785707473066,0.18652560607699897
-0.07345088909588803,0.19343284181663256
-0.0710939211170454,0.20052898723824908
-0.06873695313820277,0.2078162575356326
-0.06637998515936015,0.2152967664918747
-0.06402301718051752,0.22297252068793477
-0.06166604920167489,0.2308454137060338
-0.059309081222832266,0.23891722033896734
-0.05695211324398963,0.24718959081672764
-0.054595145265147006,0.2556640450621029
-0.05223817728630438,0.26434196698717977
-0.04988120930746175,0.27322459884290884
-0.04752424132861913,0.28231303563409166
-0.04516727334977649,0.29160821961233707
-0.04281030537093387,0.3011109348596728
-0.04045333739209124,0.3108218019756254
-0.038096369413248614,0.320741272880669
-0.03573940143440599,0.3308696257489963
-0.033382433455563354,0.3412069600835953
-0.031025465476720727,0.35175319194659826
-0.0286684974978781,0.3625080493578319
-0.02631152951903547,0.37347106787441287
-0.023954561540192845,0.3846415863641208
-0.021597593561350218,0.3960187429851292
-0.019240625582507588,0.4076014713844833
-0.01688365760366496,0.4193884971274982
-0.014526689624822333,0.4313783343699794
-0.012169721645979705,0.4435692827848793
-0.009812753667137077,0.4559594247546621
-0.007455785688294449,0.468546622840287
-0.005098817709451821,0.4813285175373054
-0.002741849730609193,0.49430252532913516
-0.0003848817517665652,0.5074658370470936
0.001972086227076063,0.5208154165462642
0.004329054205918691,0.5343479997057319
0.006686022184761319,0.5480600937611451
0.009042990163603947,0.5619479769769604
0.011399958142446575,0.5760076986650955
0.013756926121289202,0.5902350795560477
0.01611389410013183,0.6046257125278591
0.01847086207897446,0.6191749636975885
0.020827830057817086,0.6338779738792206
0.023184798036659713,0.6487296604111862
0.025541766015502343,0.6637247193558965
0.02789873399434497,0.6788576280728966
0.0302557019731876,0.6941226481664444
0.03261266995203023,0.7095138288074965
0.034969637930872856,0.7250250104292592
0.03732660590971548,0.7406498287946224
0.03968357388855811,0.7563817194329501
0.042040541867400735,0.7722139224428581
0.04439750984624337,0.7881394876567636
0.046754477825085995,0.8041512801621399
0.04911144580392862,0.8202419861735755
0.05146841378277125,0.8364041192488991
0.053825381761613875,0.8526300268418058
0.05618234974045651,0.8689118971826071
0.058539317719299135,0.8852417664779297
0.06089628569814176,0.9016115264194013
0.0632532536769844,0.9180129319905981
0.06561022165582701,0.9344376095607911
0.06796718963466965,0.9508770652533003
0.07032415761351227,0.9673226935755783
0.0726811255923549,0.9837657862974797
0.07503809357119753,1.0001975415635327
0.07739506155004015,1.0166090732244302
0.07975202952888279,1.0329914203723862
0.0821089975077254,1.0493355570644702
0.08446596548656804,1.0656324022175334
0.08682293346541067,1.081872829657889
0.08917990144425329,1.098047678308486
0.09153686942309593,1.1141477624959435
0.09389383740193855,1.130163882359475
0.09625080538078118,1.1460868343434587
0.09860777335962381,1.16190742175514
0.10096474133846643,1.1776164653687868
0.10332170931730907,1.193204814057431
0.10567867729615169,1.208663355433258
0.10803564527499432,1.2239830264776197
0.11039261325383695,1.2391548241416546
0.11274958123267957,1.2541698158985228
0.1151065492115222,1.2690191502283499
0.11746351719036484,1.2836940670171058
0.11982048516920746,1.2981859078508131
0.12217745314805009,1.3124861261867076
0.12453442112689271,1.3265862973832352
0.12689138910573533,1.3404781285710798
0.12924835708457796,1.3541534683477678
0.1316053250634206,1.367604316278796
0.13396229304226323,1.3808228321886524
0.13631926102110586,1.3938013452255877
0.13867622899994847,1.406532362684493
0.1410331969787911,1.4190085785728002
0.14339016495763374,1.4312228819048896
0.14574713293647637,1.4431683647111162
0.148104100915319,1.4548383297482026
0.1504610688941616,1.4662262978984206
0.15281803687300424,1.4773260152456884
0.15517500485184688,1.4881314598174296
0.1575319728306895,1.4986368479817833
0.15988894080953214,1.5088366404905356
0.16224590878837475,1.5187255481589021
0.16460287676721738,1.528298537174114
0.16695984474606002,1.5375508340255577
0.16931681272490265,1.5464779300500462
0.17167378070374528,1.5550755855866283
0.17403074868258792,1.5633398337361801
0.17638771666143052,1.5712669837218667
0.17874468464027315,1.578853623847393
0.1811016526191158,1.586096624050819
0.18345862059795842,1.5929931380525333
0.18581558857680106,1.5995406050968273
0.18817255655564366,1.6057367512873268
0.1905295245344863,1.6115795905173464
0.19288649251332893,1.6170674249970522
0.19524346049217156,1.6221988453800813
0.1976004284710142,1.6269727304930646
0.1999573964498568,1.631388246672227
0.20231436442869943,1.6354448467119964
0.20467133240754207,1.6391422684312515
0.2070283003863847,1.6424805328635357
0.20938526836522733,1.6454599420782245
0.21174223634406994,1.6480810766402845
0.21409920432291257,1.650344792716861
0.2164561723017552,1.6522522188395299
0.21881314028059784,1.653804752331594
0.22117010825944047,1.6550040554103407
0.22352707623828308,1.6558520509746608
0.2258840442171257,1.6563509180888958
0.22824101219596835,1.6565030871742177
0.23059798017481098,1.6563112349192246
0.2329549481536536,1.6557782789218187
0.23531191613249622,1.6549073720747485
0.23766888411133885,1.6537018967074966
0.24002585209018149,1.652165458497457
0.24238282006902412,1.6503018801635747
0.24473978804786675,1.6481151949558006
0.24709675602670936,1.6456096399539
0.249453724005552,1.6427896491892415
0.2518106919843946,1.6396598466033265
0.25416765996323726,1.6362250388568402
0.25652462794207986,1.6324902080030683
0.2588815959209225,1.6284605040394848
0.26123856389976513,1.624141237351317
0.26359553187860774,1.6195378710607957
0.2659524998574504,1.6146560132957317
0.268309467836293,1.6095014093909255
0.27066643581513566,1.6040799340357608
0.27302340379397827,1.598397583381182
0.2753803717728209,1.5924604671190266
0.27773733975166354,1.5862748005464806
0.28009430773050614,1.5798468966281738
0.2824512757093488,1.5731831580681546
0.2848082436881914,1.566290069403713
0.28716521166703407,1.559174189132699
0.2895221796458767,1.551842141885664
0.2918791476247193,1.5443006106538217
0.29423611560356194,1.5365563290834516
0.29659308358240455,1.528616073847017
0.2989500515612472,1.5204866571008782
0.3013070195400898,1.5121749190390925
0.3036639875189324,1.503687720552392
0.3060209554977751,1.4950319360010202
0.3083779234766177,1.4862144461096942
0.31073489145546035,1.47724213099253
0.31309185943430295,1.468121863315353
0.31544882741314556,1.4588605016023783
0.3178057953919882,1.449464883693817
0.3201627633708308,1.4399418203605334
0.3225197313496735,1.4302980890814454
0.3248766993285161,1.4205404279889313
0.3272336673073587,1.4106755299870808
0.32959063528620136,1.4007100370471963
0.33194760326504397,1.3906505346845481
0.33430457124388663,1.3805035466199524
0.33666153922272923,1.3702755296293532
0.33901850720157184,1.3599728685841772
0.3413754751804145,1.349601871684844
0.3437324431592571,1.3391687658894305
0.34608941113809977,1.3286796925391147
0.3484463791169424,1.3181407031816552
0.350803347095785,1.307557755593822
0.35316031507462764,1.2969367100033353
0.35551728305347025,1.2862833255105541
0.3578742510323129,1.2756032567098252
0.3602312190111555,1.2649020505101027
0.3625881869899981,1.254185143154155
0.3649451549688408,1.243457857435386
0.3673021229476834,1.2327254001110388
0.36965909092652605,1.2219928595102854
0.37201605890536865,1.2112652033354685
0.37437302688421126,1.200547276654528
0.3767299948630539,1.189843800082421
0.3790869628418965,1.1791593681491623
0.3814439308207392,1.1684984478518832
0.3838008987995818,1.1578653773881626
0.3861578667784244,1.1472643650676995
0.38851483475726706,1.1366994883992332
0.39087180273610966,1.126174693349498
0.3932287707149523,1.115693793770839
0.39558573869379493,1.1052604709940175
0.39794270667263754,1.0948782735826066
0.4002996746514802,1.0845506172452908
0.4026566426303228,1.0742807849022804
0.40501361060916546,1.0640719269019827
0.40737057858800807,1.0539270613839875
0.4097275465668507,1.0438490747843732
0.41208451454569334,1.0338407224792703
0.41444148252453594,1.0239046295625873
0.4167984505033786,1.014043291753745
0.4191554184822212,1.0042590764312456
0.4215123864610638,0.9945542237878662
0.4238693544399065,0.984930848103244
0.4262263224187491,0.9753909391296086
0.42858329039759174,0.965936363586394
0.43094025837643435,0.9565688667594644
0.43329722635527695,0.9472900742006731
0.4356541943341196,0.9381014935234806
0.4380111623129622,0.9290045162903531
0.4403681302918049,0.9200004199876689
0.4427250982706475,0.9110903700838678
0.4450820662494901,0.902275422166583
0.44743903422833275,0.8935565241545078
0.44979600220717536,0.8849345185797615
0.452152970186018,0.8764101449365251
0.4545099381648606,0.8679840420917395
0.45686690614370323,0.8596567507536653
0.4592238741225459,0.8514287159941234
0.4615808421013885,0.843300289820246
0.46393781008023116,0.8352717337915883
0.46629477805907377,0.8273432216784634
0.4686517460379164,0.8195148421573819
0.47100871401675903,0.811786601539491
0.47336568199560164,0.8041584265279316
0.4757226499744443,0.7966301670000422
0.4780796179532869,0.7892015988103638
0.4804365859321295,0.7818724266104147
0.4827935539109722,0.774642286681225
0.4851505218898148,0.7675107497746463
0.48750748986865744,0.7604773239594682
0.48986445784750005,0.753541457468404
0.49222142582634265,0.7467025415420292
0.4945783938051853,0.7399599132657891
0.4969353617840279,0.7333128583962186
0.4992923297628706,0.7267606141725542
0.5016492977417132,0.7203023721099535
0.5040062657205558,0.7139372807705742
0.5063632336993984,0.7076644485088179
0.5087202016782411,0.7014829461870751
0.5110771696570837,0.6953918098583785
0.5134341376359264,0.6893900434124121
0.5157911056147689,0.6834766211813958
0.5181480735936116,0.6776504905024245
0.5205050415724543,0.6719105742329171
0.5228620095512968,0.6662557732159082
0.5252189775301395,0.6606849686919949
0.5275759455089821,0.6551970246548483
0.5299329134878247,0.6497907901472881
0.5322898814666673,0.644465101495029
0.53464684944551,0.6392187844753112
0.5370038174243527,0.6340506564177495
0.5393607854031952,0.6289595282348567
0.5417177533820379,0.623944206379827
0.5440747213608805,0.6190034947293066
0.5464316893397231,0.6141361963890223
0.5487886573185657,0.6093411154202867
0.5511456252974084,0.6046170584855683
0.553502593276251,0.5999628364114683
0.5558595612550936,0.5953772656676284
0.5582165292339363,0.5908591697602666
0.5605734972127789,0.5864073805392263
0.5629304651916215,0.5820207394176136
0.5652874331704641,0.5776980985032938
0.5676444011493068,0.5734383216417205
0.5700013691281494,0.5692402853697769
0.572358337106992,0.565102879780516
0.5747153050858347,0.5610250092989049
0.5770722730646772,0.5570055933688918
0.5794292410435199,0.5530435670523353
0.5817862090223626,0.5491378815405561
0.5841431770012052,0.5452875045794958
0.5865001449800478,0.5414914208096847
0.5888571129588904,0.537748632022454
0.5912140809377331,0.5340581573340365
0.5935710489165756,0.5304190332794328
0.5959280168954183,0.5268303138281292
0.598284984874261,0.523291070323971
0.6006419528531035,0.5198003913517091
0.6029989208319462,0.5163573825329355
0.6053558888107888,0.5129611662543315
0.6077128567896315,0.5096108813313437
0.610069824768474,0.5063056826105845
0.6124267927473167,0.5030447405144417
0.6147837607261594,0.4998272405315406
0.6171407287050019,0.49665238265687206
0.6194976966838446,0.4935193807855408
0.6218546646626872,0.490427462064233
0.6242116326415298,0.48737586620462553
0.6265686006203725,0.484363844763075
0.6289255685992151,0.4813906603910224
0.6312825365780578,0.4784555860606431
0.6336395045569003,0.4755579042703364
0.635996472535743,0.4726969062347146
0.6383534405145856,0.46987189106378957
0.6407104084934282,0.46708216493608395
0.6430673764722709,0.46432704027040606
0.6454243444511135,0.46160583490102014
0.6477813124299561,0.45891787126092465
0.6501382804087987,0.4562624755779108
0.6524952483876414,0.4536389770880186
0.654852216366484,0.4510467072709386
0.6572091843453266,0.44848499911181294
0.6595661523241693,0.44595318639378756
0.6619231203030119,0.4434506030255455
0.6642800882818545,0.44097658240790794
0.6666370562606971,0.4385304568434406
0.6689940242395398,0.43611155699282733
0.6713509922183823,0.43371921138158853
0.673707960197225,0.4313527459605242
0.6760649281760677,0.42901148372303916
0.6784218961549103,0.42669474438228744
0.6807788641337529,0.42440184411082527
0.6831358321125955,0.4221320953452107
0.6854928000914382,0.41988480665772215
0.6878497680702808,0.41765928269709496
0.6902067360491234,0.41545482419988244
0.6925637040279661,0.4132707280737664
0.6949206720068086,0.4111062875538265
0.6972776399856513,0.4089607924324835
0.699634607964494,0.4068335293635069
0.7019915759433366,0.4047237822401697
0.7043485439221792,0.40263083264730326
0.7067055119010218,0.40055396038669233
0.7090624798798645,0.39849244407491935
0.711419447858707,0.3964455618124496
0.7137764158375497,0.3944125919224257
0.7161333838163924,0.39239281375732493
0.7184903517952349,0.3903855085713154
0.7208473197740776,0.38838996045584684
0.7232042877529202,0.38640545733570153
0.7255612557317629,0.3844312920224476
0.7279182237106054,0.38246676332194585
0.7302751916894481,0.38051117719229577
0.7326321596682908,0.378563847948336
0.7349891276471333,0.37662409950857645
0.737346095625976,0.3746912666801949
0.7397030636048186,0.3727646964775166
0.7420600315836612,0.37084374946918947
0.7444169995625038,0.36892780114908236
0.7467739675413465,0.3670162433257563
0.7491309355201892,0.3651084855252197
0.7514879034990317,0.36320395640153424
0.7538448714778744,0.3613021051497327
0.756201839456717,0.3594024029154162
0.7585588074355596,0.35750434419532606
0.7609157754144023,0.355607448223137
0.7632727433932449,0.3537112603346918
0.7656297113720875,0.35181535330688596
0.7679866793509301,0.34991932866443565
0.7703436473297728,0.34802281794879264
0.7727006153086154,0.3461254839435359
0.775057583287458,0.34422702185065246
0.7774145512663007,0.34232716041222044
0.7797715192451433,0.3404256629721422
0.7821284872239859,0.3385223284727177
0.7844854552028285,0.3366169923810204
0.7868424231816712,0.3347095275402291
0.7891993911605137,0.3327998449412801
0.7915563591393564,0.330887894410429
0.7939133271181991,0.3289736652085674
0.7962702950970417,0.3270571865384003
0.7986272630758843,0.3251385279558747
0.8009842310547269,0.32321779968255054
0.8033411990335696,0.3212951528159142
0.8056981670124121,0.3193707794349713
0.8080551349912548,0.3174449125987835
0.8104121029700975,0.3155178262359773
0.81276907094894,0.31358983492360737
0.8151260389277827,0.3116612935541292
0.8174830069066253,0.30973259688961574
0.819839974885468,0.3078041790027342
0.8221969428643106,0.3058765126043883
0.8245539108431532,0.3039501082583262
0.8269108788219959,0.3020255134834031
0.8292678468008384,0.30010331174458527
0.8316248147796811,0.29818412133417455
0.8339817827585237,0.29626859414512063
0.8363387507373663,0.29435741433867535
0.838695718716209,0.29245129690902705
0.8410526866950516,0.29055098614791935
0.8434096546738943,0.2886572540126303
0.8457666226527368,0.28677089840104064
0.8481235906315795,0.284892741337862
0.8504805586104222,0.28302362707643086
0.8528375265892647,0.28116442012078896
0.8551944945681074,0.279316003173074
0.85755146254695,0.27747927501153363
0.8599084305257926,0.275655148304741
0.8622653985046352,0.27384454736784297
0.8646223664834779,0.27204840586690554
0.8669793344623206,0.27026766447762873
0.8693363024411631,0.26850326850489725
0.8716932704200058,0.26675616546979997
0.8740502383988484,0.2650273026708978
0.876407206377691,0.26331762472664405
0.8787641743565336,0.2616280711059592
0.8811211423353763,0.2599595736540412
0.8834781103142189,0.25831305412053945
0.8858350782930615,0.256689421697254
0.8881920462719042,0.25508957057251846
0.8905490142507468,0.25351437750940764
0.8929059822295894,0.2519646994548622
0.895262950208432,0.2504413711867559
0.8976199181872747,0.2489452030058276
0.8999768861661173,0.2474769784792952
0.9023338541449599,0.24603745224281254
0.9046908221238026,0.24462734786727725
0.9070477901026451,0.2432473557968038
0.9094047580814878,0.24189813136396973
0.9117617260603305,0.24058029288821442
0.9141186940391731,0.23929441986302152
0.9164756620180157,0.23804105123724367
0.9188326299968583,0.23682068379564805
0.921189597975701,0.23563377064345367
0.9235465659545435,0.23448071979931365
0.9259035339333862,0.23336189290086465
0.9282605019122289,0.2322776040266121
0.9306174698910714,0.2312281186375687
0.9329744378699141,0.23021365264168644
0.9353314058487567,0.22923437158374663
0.9376883738275994,0.22829038996298265
0.940045341806442,0.22738177068031867
0.9424023097852846,0.2265085246167003
0.9447592777641273,0.22567061034359856
0.9471162457429698,0.22486793396635643
0.9494732137218125,0.22410034910063967
0.9518301817006551,0.22336765698185168
0.9541871496794978,0.22266960670696045
0.9565441176583404,0.22200589560779257
0.958901085637183,0.221376169754443
0.9612580536160257,0.2207800245870674
0.9636150215948682,0.22021700567393612
0.9659719895737109,0.21968660959325464
0.9683289575525535,0.21918828493589398
0.9706859255313961,0.21872143342581996
0.9730428935102388,0.2182854111546687
0.9753998614890814,0.21787952992659343
0.9777568294679241,0.21750305870919118
0.9801137974467666,0.21715522518602526
0.9824707654256093,0.21683521740597841
0.984827733404452,0.21654218552441004
0.9871847013832945,0.21627524363084766
0.9895416693621372,0.2160334716577201
0.9918986373409798,0.21581591736442907
0.9942556053198224,0.21562159839088257
0.996612573298665,0.21544950437443663
0.9989695412775077,0.21529859912406285
1.0013265092563504,0.21516782284542635
1.003683477235193,0.21505609441046986
1.0060404452140355,0.21496231366501506
1.0083974131928781,0.21488536376784245
1.0107543811717208,0.2148241135546733
1.0131113491505634,0.21477741992047045
1.015468317129406,0.21474413021348135
1.0178252851082488,0.21472308463447995
1.0201822530870914,0.2147131186347182
1.0225392210659339,0.2147130653061698
1.0248961890447765,0.21472175775774127
1.0272531570236192,0.21473803147124465
1.0296101250024619,0.21476072663104878
1.0319670929813045,0.2147886904214874
1.0343240609601472,0.21482077928626275
1.0366810289389898,0.2148558611442699
1.0390379969178323,0.21489281755647205
1.041394964896675,0.21493054583866483
1.0437519328755176,0.2149679611152041
1.0461089008543603,0.21500399830901334
1.048465868833203,0.21503761406343383
1.0508228368120456,0.21506778859175796
1.053179804790888,0.21509352745054983
1.0555367727697307,0.21511386323314804
1.0578937407485733,0.2151278571800334
1.060250708727416,0.21513460070304113
1.0626076767062587,0.2151332168207005
1.0649646446851013,0.215122861502293
1.067321612663944,0.215102724918523
1.0696785806427864,0.21507203259701307
1.072035548621629,0.2150300464811405
1.0743925166004717,0.2149760658910475
1.0767494845793144,0.2149094283859614
1.079106452558157,0.21482951052726992
1.0814634205369997,0.21473572854209677
1.0838203885158424,0.21462753888741998
1.0861773564946848,0.21450443871506614
1.0885343244735275,0.21436596623819798
1.0908912924523702,0.21421170100018766
1.0932482604312128,0.2140412640470351
1.0956052284100555,0.21385431800475135
1.0979621963888981,0.21365056706337077
1.1003191643677406,0.2134297568694936
1.1026761323465832,0.21319167432948805
1.105033100325426,0.21293614732568877
1.1073900683042686,0.21266304434813238
1.1097470362831112,0.2123722740445564
1.1121040042619539,0.21206378469156054
1.1144609722407965,0.21173756358998821
1.116817940219639,0.21139363638773317
1.1191749081984816,0.21103206633330326
1.1215318761773243,0.21065295346359234
1.123888844156167,0.21025643372941077
1.1262458121350096,0.20984267806241116
1.1286027801138523,0.2094118913871194
1.130959748092695,0.20896431158183676
1.1333167160715374,0.20850020839222128
1.13567368405038,0.20801988230138724
1.1380306520292227,0.20752366336037248
1.1403876200080654,0.2070119099828287
1.142744587986908,0.20648500770777223
1.1451015559657507,0.20594336793421214
1.1474585239445931,0.205387426631432
1.1498154919234358,0.20481764302865146
1.1521724599022785,0.2042344982877356
1.1545294278811211,0.2036384941625451
1.1568863958599638,0.20303015164843813
1.1592433638388064,0.2024100096253466
1.161600331817649,0.20177862349774453
1.1639572997964915,0.20113656383471787
1.1663142677753342,0.2004844150132334
1.1686712357541769,0.19982277386757236
1.1710282037330195,0.19915224834777392
1.1733851717118622,0.19847345618979217
1.1757421396907048,0.19778702359993408
1.1780991076695475,0.19709358395600232
1.18045607564839,0.19639377652741652
1.1828130436272326,0.19568824521644423
1.1851700116060753,0.19497763732251452
1.187526979584918,0.194262602331441
1.1898839475637606,0.1935437907312264
1.1922409155426033,0.19282185285596667
1.1945978835214457,0.19209743775922797
1.1969548515002884,0.1913711921181142
1.199311819479131,0.19064375916909815
1.2016687874579737,0.18991577767654622
1.2040257554368163,0.18918788093472333
1.206382723415659,0.18846069580392913
1.2087396913945017,0.1877348417812842
1.211096659373344,0.1870109301065528
1.2134536273521868,0.18628956290327356
1.2158105953310294,0.18557133235534376
1.218167563309872,0.1848568199190966
1.2205245312887147,0.18414659557080482
1.2228814992675574,0.18344121708944253
1.2252384672464,0.18274122937444906
1.2275954352252425,0.18204716379814953
1.2299524032040852,0.18135953759240966
1.2323093711829278,0.18067885326903158
1.2346663391617705,0.18000559807333225
1.2370233071406131,0.1793402434702886
1.2393802751194558,0.17868324466258556
1.2417372430982982,0.17803504013985522
1.244094211077141,0.17739605125836586
1.2464511790559836,0.1767666818503847
1.2488081470348262,0.17614731786241844
1.251165115013669,0.17553832702151845
1.2535220829925116,0.17494005852883093
1.2558790509713542,0.17435284277956123
1.2582360189501967,0.1737769911085325
1.2605929869290393,0.17321279556052044
1.262949954907882,0.1726605286845611
1.2653069228867246,0.17212044335144472
1.2676638908655673,0.17159277259363356
1.27002085884441,0.17107772946686509
1.2723778268232526,0.17057550693273296
1.274734794802095,0.170086277761574
1.2770917627809377,0.16961019445502173
1.2794487307597804,0.1691473891876299
1.281805698738623,0.1686979737670095
1.2841626667174657,0.1682620396119669
1.2865196346963084,0.16783965774817397
1.2888766026751508,0.1674308788209468
1.2912335706539935,0.16703573312476053
1.2935905386328361,0.16665423064916723
1.2959475066116788,0.1662863611408379
1.2983044745905215,0.16593209418148905
1.3006614425693641,0.16559137928150594
1.3030184105482068,0.16526414598911435
1.3053753785270492,0.16495030401499786
1.3077323465058919,0.1646497433722964
1.3100893144847345,0.16436233453196575
1.3124462824635772,0.1640879285935058
1.3148032504424199,0.16382635747110957
1.3171602184212625,0.16357743409530728
1.3195171864001052,0.1633409526302122
1.3218741543789476,0.1631166887065012
1.3242311223577903,0.1629043996702814
1.326588090336633,0.1627038248480111
1.3289450583154756,0.1625146858276655
1.3313020262943183,0.1623366867563374
1.333658994273161,0.1621695146544758
1.3360159622520034,0.16201283974697245
1.338372930230846,0.16186631581129365
1.3407298982096887,0.16172958054286063
1.3430868661885313,0.1616022559378683
1.345443834167374,0.1614839486937186
1.3478008021462167,0.1613742506272314
1.3501577701250593,0.16127273911077222
1.3525147381039018,0.16117897752641458
1.3548717060827444,0.1610925157382268
1.357228674061587,0.1610128905827412
1.3595856420404298,0.16093962637763137
1.3619426100192724,0.16087223544858475
1.364299577998115,0.16081021867431977
1.3666565459769577,0.16075306604964834
1.3690135139558002,0.16070025726645032
1.3713704819346428,0.16065126231236615
1.3737274499134855,0.1606055420869733
1.3760844178923282,0.1605625490351602
1.3784413858711708,0.16052172779735047
1.3807983538500135,0.16048251587618828
1.3831553218288561,0.1604443443192296
1.3855122898076986,0.1604066384171321
1.3878692577865412,0.1603688184167834
1.390226225765384,0.16033030024874195
1.3925831937442266,0.16029049626831549
1.3949401617230692,0.16024881600953783
1.3972971297019119,0.16020466695125768
1.3996540976807543,0.1601574552944871
1.402011065659597,0.16010658675010675
1.4043680336384397,0.16005146733597753
1.4067250016172823,0.15999150418243963
1.409081969596125,0.15992610634514948
1.4114389375749676,0.15985468562414168
1.4137959055538103,0.15977665738795888
1.4161528735326527,0.15969144140165603
1.4185098415114954,0.15959846265743255
1.420866809490338,0.1594971522066152
1.4232237774691807,0.15938694799167108
1.4255807454480234,0.15926729567690512
1.427937713426866,0.15913764947645787
1.4302946814057087,0.158997472978195
1.4326516493845511,0.1588462399620621
1.4350086173633938,0.15868343521144876
1.4373655853422365,0.15850855531609614
1.4397225533210791,0.1583211094650689
1.4420795212999218,0.15812062022829948
1.4444364892787644,0.15790662432521527
1.4467934572576069,0.15767867337894684
1.4491504252364495,0.15743633465463408
1.4515073932152922,0.15717919178033496
1.4538643611941349,0.15690684544907155
1.4562213291729775,0.15661891410054846
1.4585782971518202,0.15631503458110374
1.4609352651306629,0.1559948627804793
1.4632922331095053,0.1556580742440115
1.465649201088348,0.15530436475889275
1.4680061690671906,0.1549334509131688
1.4703631370460333,0.15454507062619116
1.472720105024876,0.15413898364927758
1.4750770730037186,0.153714972035381
1.4774340409825613,0.1532728405766163
1.4797910089614037,0.15281241720855185
1.4821479769402464,0.15233355338021698
1.484504944919089,0.15183612438884903
1.4868619128979317,0.15132002967845706
1.4892188808767743,0.15078519310134753
1.491575848855617,0.15023156314182282
1.4939328168344594,0.14965911310133848
1.496289784813302,0.1490678412444719
1.4986467527921448,0.1484577709051335
1.5010037207709874,0.14782895055252887
1.50336068874983,0.1471814538164613
1.5057176567286727,0.146515379471634
1.5080746247075154,0.14583085138071394
1.5104315926863578,0.14512801839597872
1.5127885606652005,0.14440705421947436
1.5151455286440432,0.1436681572216843
1.5175024966228858,0.1429115502187968
1.5198594646017285,0.1421374802087571
1.5222164325805712,0.14134621806636055
1.5245734005594138,0.14053805819774323
1.5269303685382563,0.13971331815471177
1.529287336517099,0.138872338209432
1.5316443044959416,0.13801548089009763
1.5340012724747842,0.1371431304782728
1.536358240453627,0.13625569246869135
1.5387152084324696,0.1353535929923832
1.541072176411312,0.13443727820407309
1.5434291443901547,0.13350721363488355
1.5457861123689973,0.1325638835114451
1.54814308034784,0.13160779004260553
1.5505000483266826,0.13063945267498883
1.5528570163055253,0.12965940731873554
1.555213984284368,0.12866820554483094
1.5575709522632104,0.127666413755471
1.559927920242053,0.12665461232901076
1.5622848882208957,0.1256333947410721
1.5646418561997384,0.12460336666345861
1.566998824178581,0.12356514504257515
1.5693557921574237,0.12251935715909801
1.5717127601362664,0.1214666396706871
1.5740697281151088,0.12040763763956958
1.5764266960939515,0.11934300354687
1.5787836640727941,0.11827339629558226
1.5811406320516368,0.11719948020411519
1.5834976000304795,0.11612192399236732
1.5858545680093221,0.11504139976229788
1.5882115359881646,0.11395858197498401
1.5905685039670072,0.11287414642615543
1.5929254719458499,0.11178876922221065
1.5952824399246925,0.11070312575870789
1.5976394079035352,0.10961788970332992
1.5999963758823779,0.10853373198529948
1.6023533438612205,0.10745131979321937
1.604710311840063,0.10637131558327811
1.6070672798189056,0.10529437609974646
1.6094242477977483,0.10422115140965527
1.611781215776591,0.10315228395351145
1.6141381837554336,0.10208840761386684
1.6164951517342763,0.10103014680351607
1.618852119713119,0.09997811557504116
1.6212090876919614,0.09893291675337723
1.623566055670804,0.09789514109300873
1.6259230236496467,0.09686536646134802
1.6282799916284894,0.095844157049776
1.630636959607332,0.09483206261376625
1.6329939275861747,0.09382961774342657
1.6353508955650171,0.09283734116572645
1.6377078635438598,0.09185573507959327
1.6400648315227024,0.09088528452497913
1.642421799501545,0.08992645678691197
1.6447787674803878,0.08897970083546353
1.6471357354592304,0.08804544680246484
1.649492703438073,0.08712410549571958
1.6518496714169155,0.0862160679513651
1.6542066393957582,0.08532170502493497
1.6565636073746008,0.08444136702158787
1.6589205753534435,0.0835753833658587
1.6612775433322862,0.08272406231120458
1.6636345113111288,0.08188769068950706
1.6659914792899715,0.08106653370060597
1.668348447268814,0.08026083474183407
1.6707054152476566,0.07947081527743242
1.6730623832264993,0.07869667474762769
1.675419351205342,0.07793859051705809
1.6777763191841846,0.07719671786214863
1.6801332871630272,0.0764711899969355
1.6824902551418697,0.07576211813676534
1.6848472231207123,0.07506959159919788
1.687204191099555,0.07439367794136428
1.6895611590783977,0.07373442313295489
1.6919181270572403,0.07309185176393082
1.694275095036083,0.07246596728598242
1.6966320630149256,0.07185675228669189
1.698989030993768,0.07126416879528974
1.7013459989726107,0.07068815861883432
1.7037029669514534,0.0701286437075899
1.706059934930296,0.06958552654832748
1.7084169029091387,0.06905869058421976
1.7107738708879814,0.0685480006599706
1.713130838866824,0.06805330349077005
1.7154878068456665,0.06757442815364356
1.7178447748245091,0.06711118659972942
1.7202017428033518,0.06666337418600457
1.7225587107821945,0.06623077022494958
1.7249156787610371,0.06581313855064683
1.7272726467398798,0.06541022809978594
1.7296296147187222,0.06502177350605454
1.731986582697565,0.0646474957063965
1.7343435506764076,0.06428710255762284
1.7367005186552502,0.06394028946187766
1.7390574866340929,0.06360673999947644
1.7414144546129355,0.06328612656765509
1.7437714225917782,0.0629781110237955
1.7461283905706206,0.06268234533172377
1.7484853585494633,0.0623984722097094
1.750842326528306,0.062126125778831615
1.7531992945071486,0.061864932210424314
1.7555562624859913,0.06161451037134934
1.757913230464834,0.06137447246590061
1.7602701984436766,0.061144424673189285
1.762627166422519,0.060923967778913554
1.7649841344013617,0.06071269780047325
1.7673411023802044,0.06051020660444266
1.769698070359047,0.06031608251547929
1.7720550383378897,0.06012991091580061
1.7744120063167323,0.059951274834426055
1.7767689742955748,0.05977975552544258
1.7791259422744174,0.059614933034611406
1.78148291025326,0.059456386753702864
1.7838398782321028,0.059303695962000094
1.7861968462109454,0.05915644035448375
1.788553814189788,0.059014200556263455
1.7909107821686308,0.05887655862288686
1.7932677501474732,0.058743098526217424
1.7956247181263159,0.05861340662562427
1.7979816861051585,0.05848707212429151
1.8003386540840012,0.05836368751050408
1.8026956220628438,0.05824284898382026
1.8050525900416865,0.05812415686609268
1.8074095580205292,0.058007215997346005
1.8097665259993716,0.057891636116565434
1.8121234939782143,0.057777032227492815
1.814480461957057,0.05766302494956428
1.8168374299358996,0.057549240854164574
1.8191943979147422,0.05743531278640063
1.821551365893585,0.057320880172632704
1.8239083338724276,0.057205589314025154
1.82626530185127,0.0570890936664028
1.8286222698301127,0.056971054106722985
1.8309792378089553,0.05685113918648348
1.833336205787798,0.056729025372410063
1.8356931737666407,0.05660439727476939
1.8380501417454833,0.056476947863666534
1.8404071097243258,0.05634637867368806
1.8427640777031684,0.05621239999725556
1.845121045682011,0.0560747310670505
1.8474780136608537,0.05593310022787083
1.8498349816396964,0.05578724509826946
1.852191949618539,0.05563691272232016
1.8545489175973817,0.0554818597118395
1.8569058855762242,0.05532185237938718
1.8592628535550668,0.055156666862344134
1.8616198215339095,0.05498608923835734
1.8639767895127521,0.054809915632416696
1.8663337574915948,0.054627952315813036
1.8686907254704375,0.05444001579720141
1.8710476934492801,0.05424593290597656
1.8734046614281226,0.05404554086813801
1.8757616294069652,0.05383868737480682
1.8781185973858079,0.053625230643524875
1.8804755653646505,0.05340503947244882
1.8828325333434932,0.053177993287524525
1.8851895013223359,0.05294398218270594
1.8875464693011783,0.05270290695325888
1.889903437280021,0.05245467912216713
1.8922604052588636,0.05219922095963821
1.8946173732377063,0.05193646549568576
1.896974341216549,0.05166635652574601
1.8993313091953916,0.051388848609267276
1.9016882771742343,0.05110390706119555
1.9040452451530767,0.050811507936268256
1.9064022131319194,0.05051163800600656
1.908759181110762,0.05020429472829553
1.9111161490896047,0.04988948620942574
1.9134731170684474,0.04956723115846383
1.91583008504729,0.04923755883381655
1.9181870530261327,0.04890050898184642
1.9205440210049751,0.04855613176739974
1.9229009889838178,0.04820448769610339
1.9252579569626604,0.047845647528297314
1.927614924941503,0.04747969218446839
1.9299718929203458,0.04710671264205979
1.9323288608991884,0.0467268098235444
1.9346858288780309,0.04634009447565356
1.9370427968568735,0.04594668703967379
1.9393997648357162,0.045546717512731726
1.9417567328145589,0.04514032530001069
1.9441137007934015,0.04472765905785433
1.9464706687722442,0.044308876527737205
1.9488276367510868,0.043884144361098866
1.9511846047299293,0.04345363793506436
1.953541572708772,0.043017541159092405
1.9558985406876146,0.04257604627262099
1.9582555086664573,0.042129353633800555
1.9606124766453,0.04167767149943401
1.9629694446241426,0.0412212157962662
1.9653264126029852,0.04076020988379078
1.9676833805818277,0.04029488430877121
1.9700403485606703,0.03982547655169525
1.972397316539513,0.03935223076541009
1.9747542845183557,0.038875397506210135
1.9771112524971983,0.0383952334576726
1.979468220476041,0.03791200114756155
1.9818251884548834,0.03742596865814413
1.984182156433726,0.03693740933028269
1.9865391244125687,0.03644660146169023
1.9888960923914114,0.03595382799975276
1.991253060370254,0.03545937622934413
1.9936100283490967,0.03496353745607065
1.9959669963279394,0.03446660668540315
1.9983239643067818,0.03396888229816321
2.0006809322856247,0.03347066572284237
2.0030379002644674,0.032972261105245905
2.0053948682433096,0.03247397497595618
2.0077518362221523,0.03197611591611738
2.010108804200995,0.0314789942220504
2.0124657721798376,0.030982921569204305
2.0148227401586802,0.030488210675951595
2.017179708137523,0.029995174967733438
2.0195366761163656,0.029504128242056255
2.021893644095208,0.02901538433483369
2.024250612074051,0.028529256788560456
2.0266075800528935,0.02804605852279671
2.028964548031736,0.02756610150742507
2.031321516010579,0.027089696439134364
2.0336784839894215,0.026617152421563872
2.036035451968264,0.026148776649530706
2.0383924199471064,0.025684874097739438
2.040749387925949,0.0252257472143579
2.0431063559047917,0.024771695619819303
2.0454633238836344,0.024323015811193338
2.047820291862477,0.023880000872441298
2.0501772598413197,0.02344294019085233
2.0525342278201624,0.023012119179927903
2.054891195799005,0.02258781900896467
2.0572481637778477,0.022170316339553853
2.0596051317566904,0.02175988306919513
2.061962099735533,0.021356786082196197
2.0643190677143757,0.020961287008004842
2.0666760356932183,0.020573641987094937
2.0690330036720606,0.020194101444505258
2.071389971650903,0.019822909871104313
2.073746939629746,0.019460305612633205
2.0761039076085885,0.019106520666554938
2.078460875587431,0.018761780486719143
2.080817843566274,0.018426303795829796
2.0831748115451165,0.01810030240568325
2.085531779523959,0.017783981045131583
2.087888747502802,0.017477537195702178
2.0902457154816445,0.01718116093479663
2.092602683460487,0.016895034786375746
2.09495965143933,0.016619333579025092
2.0973166194181725,0.016354224311287774
2.0996735873970147,0.016099866024141804
2.1020305553758574,0.015856409680492872
2.1043875233547,0.015623998051547655
2.1067444913335427,0.015402765609935726
2.1091014593123854,0.015192838429435663
2.111458427291228,0.014994334091174693
2.1138153952700707,0.01480736159616491
2.1161723632489133,0.014632021284045667
2.118529331227756,0.014468404757908497
2.1208862992065987,0.01431659481508848
2.1232432671854413,0.014176665383812646
2.125600235164284,0.014048681465609721
2.1279572031431266,0.013932699083394612
2.1303141711219693,0.013828765235155303
2.1326711391008115,0.013736917853184918
2.135028107079654,0.013657185768814232
2.137385075058497,0.013589588682620397
2.1397420430373395,0.01353413714009903
2.142099011016182,0.013490832512810623
2.144455978995025,0.01345966698502362
2.1468129469738675,0.013440623545901798
2.14916991495271,0.013433675987296377
2.151526882931553,0.013438788907224448
2.1538838509103955,0.013455917719134259
2.156240818889238,0.013485008667075707
2.158597786868081,0.013525998846908548
2.1609547548469235,0.013578816233704593
2.1633117228257657,0.013643379715510788
2.1656686908046083,0.013719599133657367
2.168025658783451,0.013807375329807938
2.1703826267622937,0.013906600199966715
2.1727395947411363,0.014017156755659777
2.175096562719979,0.014138919192527856
2.1774535306988216,0.014271752966568959
2.1798104986776643,0.014415514878277939
2.182167466656507,0.014570053164937218
2.1845244346353496,0.014735207601309738
2.1868814026141923,0.014910809608992458
2.189238370593035,0.015096682374681616
2.1915953385718776,0.015292640977598321
2.19395230655072,0.015498492526319203
2.1963092745295625,0.015714036305244154
2.198666242508405,0.015939063930925767
2.201023210487248,0.016173359518467195
2.2033801784660905,0.016416699858184416
2.205737146444933,0.016668854602705348
2.208094114423776,0.0169295864646598
2.2104510824026185,0.017198651425091204
2.212808050381461,0.017475798952694552
2.2151650183603038,0.017760772233956598
2.2175219863391464,0.018053308414245302
2.219878954317989,0.018353138849862224
2.2222359222968318,0.018659989371038865
2.2245928902756744,0.0189735805558188
2.2269498582545166,0.019293628014733773
2.2293068262333593,0.019619842686137826
2.231663794212202,0.019951931142026123
2.2340207621910446,0.020289595904121334
2.2363777301698873,0.020632535769966417
2.23873469814873,0.020980446148720508
2.2410916661275726,0.021333019406307253
2.2434486341064153,0.021689945219520917
2.245805602085258,0.022050910938649283
2.2481625700641006,0.02241560195812698
2.2505195380429432,0.02278370209468613
2.252876506021786,0.023154893972427384
2.2552334740006286,0.02352885941418755
2.257590441979471,0.023905279838540044
2.2599474099583134,0.02428383666171636
2.262304377937156,0.02466421170369988
2.2646613459159988,0.025046087597702348
2.2670183138948414,0.025429148202193424
2.269375281873684,0.02581307901461996
2.2717322498525268,0.026197567585917878
2.2740892178313694,0.02658230393488692
2.276446185810212,0.026966980961471418
2.2788031537890547,0.02735129485796328
2.2811601217678974,0.02773494551712352
2.28351708974674,0.028117636936195352
2.2858740577255827,0.02849907761577075
2.2882310257044254,0.028878980952456296
2.2905879936832676,0.029257065624278787
2.2929449616621103,0.02963305596776363
2.295301929640953,0.030006682345621975
2.2976588976197956,0.03037768150398367
2.3000158655986382,0.030745796918120863
2.302372833577481,0.03111077912562106
2.3047298015563236,0.0314723860459826
2.3070867695351662,0.03183038328562905
2.309443737514009,0.03218454442735812
2.3118007054928515,0.03253465130327886
2.314157673471694,0.032880494250315424
2.316514641450537,0.03322187234740013
2.3188716094293795,0.0335585936335142
2.3212285774082217,0.033890475305789855
2.3235855453870644,0.03421734389692393
2.325942513365907,0.03453903543122086
2.3282994813447497,0.03485539555862957
2.3306564493235924,0.035166279666203636
2.333013417302435,0.03547155296648111
2.3353703852812777,0.035771090562339534
2.3377273532601204,0.03606477748796032
2.340084321238963,0.036352508725602535
2.3424412892178057,0.03663418919796484
2.3447982571966484,0.03690973373598974
2.347155225175491,0.03717906702204186
2.3495121931543337,0.03744212350847605
2.351869161133176,0.037698847311686795
2.3542261291120186,0.037949192081817684
2.3565830970908612,0.0381931208483902
2.358940065069704,0.038430605842193
2.3612970330485465,0.03866162829385797
2.363654001027389,0.03888617820963072
2.366010969006232,0.03910425412492381
2.3683679369850745,0.03931586283632202
2.370724904963917,0.039521019112789754
2.37308187294276,0.039719745386903815
2.3754388409216025,0.03991207142701264
2.377795808900445,0.040098033991294635
2.380152776879288,0.04027767646475823
2.3825097448581305,0.04045104848029113
2.3848667128369727,0.0406182055249303
2.3872236808158154,0.04077920853258511
2.389580648794658,0.04093412346449715
2.3919376167735007,0.041083020878775287
2.3942945847523434,0.04122597549038824
2.396651552731186,0.04136306572304102
2.3990085207100287,0.041494373254395076
2.4013654886888713,0.04161998255612685
2.403722456667714,0.04173998043034377
2.4060794246465567,0.04185445554389697
2.4084363926253993,0.041963497962149265
2.410793360604242,0.042067198683758175
2.4131503285830846,0.04216564917804787
2.415507296561927,0.04225894092653257
2.4178642645407695,0.04234716497015216
2.420221232519612,0.04243041146376238
2.422578200498455,0.0425087692394063
2.4249351684772975,0.042582325379864824
2.42729213645614,0.04265116480395352
2.429649104434983,0.04271536986499819
2.4320060724138255,0.04277501996387559
2.434363040392668,0.04283019117796025
2.436720008371511,0.042880955907264734
2.4390769763503535,0.042927382539000664
2.441433944329196,0.04296953513172855
2.443790912308039,0.04300747312019251
2.446147880286881,0.04304125104186676
2.4485048482657237,0.04307091828616472
2.4508618162445663,0.04309651886717927
2.453218784223409,0.04311809122074234
2.4555757522022517,0.04313566802650426
2.4579327201810943,0.043149276055643865
2.460289688159937,0.04315893604472701
2.4626466561387796,0.043164662596143266
2.4650036241176223,0.043166464105446084
2.467360592096465,0.043164342715832915
2.4697175600753076,0.04315829429989748
2.4720745280541503,0.04314830846869444
2.474431496032993,0.043134368608051005
2.4767884640118356,0.043116451941966866
2.479145431990678,0.043094529622843464
2.4815023999695205,0.043068566848186524
2.483859367948363,0.043038523003334384
2.486216335927206,0.043004351829660725
2.4885733039060485,0.04296600161762393
2.490930271884891,0.042923415423930744
2.493287239863734,0.042876531312003946
2.4956442078425765,0.04282528261486365
2.498001175821419,0.04276959821943965
2.500358143800262,0.04270940287127151
2.5027151117791044,0.042644617498467874
2.505072079757947,0.042575159553741915
2.5074290477367898,0.04250094337326332
2.509786015715632,0.04242188055102153
2.5121429836944746,0.04233788032733532
2.5144999516733173,0.04224884999009659
2.51685691965216,0.042154695287297816
2.5192138876310026,0.04205532084935171
2.5215708556098453,0.04195063061968507
2.523927823588688,0.0418405282920577
2.5262847915675306,0.04172491775304754
2.5286417595463733,0.04160370352811832
2.530998727525216,0.041476791229691945
2.5333556955040586,0.04134408800563172
2.5357126634829013,0.041205502986561615
2.538069631461744,0.04106094773044788
2.540426599440586,0.04091033666288696
2.542783567419429,0.040753587511571154
2.5451405353982715,0.04059062173342265
2.547497503377114,0.04042136493292675
2.5498544713559568,0.04024574727022995
2.5522114393347994,0.04006370385761204
2.554568407313642,0.03987517514298944
2.5569253752924848,0.039680107279162435
2.5592823432713274,0.039478452477571646
2.56163931125017,0.03927016934539512
2.5639962792290127,0.03905522320487931
2.5663532472078554,0.03883358639386697
2.568710215186698,0.03860523854655856
2.5710671831655407,0.03837016685361644
2.573424151144383,0.03812836630079969
2.5757811191232256,0.03787983988539928
2.5781380871020683,0.03762459880982122
2.580495055080911,0.03736266265175292
2.5828520230597536,0.037094059510430766
2.5852089910385962,0.0368188261286122
2.587565959017439,0.03653700798994619
2.5899229269962816,0.03624865939151384
2.5922798949751242,0.035953843491409565
2.594636862953967,0.03565263233130861
2.5969938309328096,0.03534510683405695
2.599350798911652,0.03503135677640762
2.601707766890495,0.034711480737100175
2.604064734869337,0.034385586020573344
2.6064217028481798,0.03405378855667068
2.6087786708270224,0.03371621277678255
2.611135638805865,0.033372991466938284
2.6134926067847077,0.033024265598435354
2.6158495747635504,0.032670184136663116
2.618206542742393,0.03231090382884
2.6205635107212357,0.03194658897144875
2.6229204787000784,0.03157741115821272
2.625277446678921,0.03120354900950506
2.6276344146577637,0.030825187884143734
2.6299913826366064,0.03044251957456029
2.632348350615449,0.030055741986381057
2.6347053185942912,0.029665058803494515
2.637062286573134,0.02927067913970953
2.6394192545519766,0.028872817178144675
2.6417762225308192,0.02847169179950565
2.644133190509662,0.028067526200436302
2.6464901584885046,0.027660547503136707
2.648847126467347,0.027250986357458137
2.65120409444619,0.02683907653669096
2.6535610624250325,0.026425054528258857
2.655918030403875,0.02600915912054183
2.658274998382718,0.02559163098702877
2.6606319663615605,0.025172712269005332
2.662988934340403,0.024752646157958913
2.665345902319246,0.02433167647886665
2.667702870298088,0.023910047275513255
2.6700598382769307,0.02348800239895593
2.6724168062557734,0.02306578510022779
2.674773774234616,0.022643637628336807
2.6771307422134587,0.022221800834584207
2.6794877101923014,0.021800513784188444
2.681844678171144,0.02138001337615464
2.6842016461499867,0.020960533972297912
2.6865586141288293,0.02054230703626908
2.688915582107672,0.02012556078339818
2.6912725500865147,0.019710519842112403
2.6936295180653573,0.019297404927634765
2.6959864860442,0.018886432528628885
2.698343454023042,0.018477814607387122
2.700700422001885,0.0180717583141142
2.7030573899807275,0.017668465715805992
2.70541435795957,0.017268133540159686
2.707771325938413,0.016870952934903746
2.7101282939172555,0.016477109242878332
2.712485261896098,0.0160867817931436
2.714842229874941,0.015700143708333447
2.7171991978537835,0.015317361728425238
2.719556165832626,0.014938596051038977
2.721913133811469,0.014564000188328041
2.7242701017903115,0.014193720840471769
2.726627069769154,0.013827897785732346
2.728984037747997,0.013466663786987132
2.731341005726839,0.013110144514604904
2.7336979737056817,0.012758458485483404
2.7360549416845243,0.0124117170180294
2.738411909663367,0.012070024202817498
2.7407688776422097,0.011733476888618588
2.7431258456210523,0.011402164683467997
2.745482813599895,0.011076169970389182
2.7478397815787377,0.010755567937368982
2.7501967495575803,0.010440426621146637
2.752553717536423,0.010130806964346817
2.7549106855152656,0.009826762885467799
2.7572676534941083,0.009528341361206394
2.759624621472951,0.00923558252058515
2.761981589451793,0.008948519750323847
2.764338557430636,0.008667179810887327
2.7666955254094785,0.008391582962622546
2.769052493388321,0.008121743101386858
2.771409461367164,0.007857667903066412
2.7737664293460065,0.00759935897636721
2.776123397324849,0.007346812023264426
2.778480365303692,0.0071000170064915435
2.7808373332825345,0.006858958323445741
2.783194301261377,0.006623614985894588
2.78555126924022,0.006393960804869259
2.7879082372190624,0.006169964580133247
2.790265205197905,0.005951590293626741
2.7926221731767473,0.005738797306293397
2.79497914115559,0.005531540557705744
2.7973361091344326,0.005329770767923708
2.7996930771132753,0.005133434641023477
2.802050045092118,0.004942475069758756
2.8044070130709606,0.004756831340829049
2.8067639810498033,0.004576439340243793
2.809120949028646,0.004401231758293295
2.8114779170074886,0.004231138293654707
2.8138348849863313,0.004066085856180818
2.816191852965174,0.0039059987679404273
2.8185488209440166,0.0037507989621001214
2.8209057889228593,0.003600406179258997
2.823262756901702,0.0034547381608675543
2.825619724880544,0.0033137108393900827
2.827976692859387,0.0031772385248838297
2.8303336608382295,0.003045234087698634
2.832690628817072,0.0029176091370185786
2.835047596795915,0.0027942741949926186
2.8374045647747574,0.0026751388662192566
2.8397615327536,0.002560112002380155
2.8421185007324428,0.0024491018618299776
2.8444754687112854,0.002342016263979896
2.846832436690128,0.002238762738328487
2.8491894046689707,0.002139248668015792
2.8515463726478134,0.0020433814277969753
2.853903340626656,0.0019510685163509345
2.8562603086054983,0.001862217682860129
2.858617276584341,0.0017767370478137812
2.8609742445631836,0.0016945352180049444
2.8633312125420263,0.0016155213957123604
2.865688180520869,0.0015396054820693006
2.8680451484997116,0.0014666981746405683
2.8704021164785543,0.001396711059241662
2.872759084457397,0.0013295566960521976
2.8751160524362396,0.001265148700079738
2.8774730204150822,0.0012034018160564652
2.879829988393925,0.001144231987846911
2.8821869563727676,0.0010875564224697432
2.8845439243516102,0.0010332936488365585
2.8869008923304524,0.000981363571325583
2.889257860309295,0.0009316875183138784
2.8916148282881378,0.0008841882857987537
2.8939717962669804,0.0008387901762485217
2.896328764245823,0.000795419032825706
2.8986857322246657,0.0007540022691332471
2.9010427002035084,0.0007144688946364997
2.903399668182351,0.0006767495359207565
2.9057566361611937,0.0006407764539441141
2.9081136041400364,0.0006064835574476346
2.910470572118879,0.000573806412693334
2.9128275400977217,0.0005426822496892858
2.9151845080765644,0.0005130499650755904
2.917541476055407,0.00048485012183491216
2.9198984440342493,0.0004580249459931185
2.922255412013092,0.0004325183204821337
2.9246123799919346,0.0004082757763217981
2.9269693479707772,0.00038524448128982036
2.92932631594962,0.000363373226236835
2.9316832839284626,0.00034261240920493985
2.934040251907305,0.00032291401750847437
2.936397219886148,0.0003042316079225199
2.9387541878649905,0.0002865202851341925
2.941111155843833,0.0002697366785973099
2.943468123822676,0.0002538389179321948
2.9458250918015185,0.00023878660700799026
2.948182059780361,0.00022454079683835448
2.9505390277592034,0.0002110639574202655
2.952895995738046,0.0001983199486359083
2.9552529637168887,0.00018627399033981085
2.9576099316957314,0.00017489263174187697
2.959966899674574,0.00016414372019601942
2.9623238676534167,0.0001539963694991292
2.9646808356322594,0.00014442092779730353
2.967037803611102,0.00013538894519553313
2.9693947715899447,0.0001268731411586954
2.9717517395687874,0.00011884737178730065
2.97410870754763,0.00011128659704962018
2.9764656755264727,0.00010416684804329113
2.9788226435053153,9.746519435578638e-5
2.9811796114841576,9.115971159134872e-5
2.983536579463,8.522944912171815e-5
2.985893547441843,7.965439812154806e-5
2.9882505154206855,7.44154599360558e-5
2.990607483399528,6.949441483232455e-5
2.992964451378371,6.487389117550146e-5
2.9953214193572135,6.053733507199732e-5
2.997678387336056,5.646898051435423e-5
3.000035355314899,5.265382006096331e-5
3.0023923232937415,4.907757607924834e-5
3.004749291272584,4.572667257821128e-5
3.007106259251427,4.258820765214166e-5
3.0094632272302695,3.9649926556917237e-5
3.011820195209112,3.690019543096945e-5
3.0141771631879544,3.4327975679926404e-5
3.016534131166797,3.192279903199702e-5
3.0188910991456397,2.9674743274213378e-5
3.0212480671244824,2.757440867513783e-5
3.023605035103325,2.5612895099641486e-5
3.0259620030821677,2.378177981440799e-5
3.0283189710610103,2.2073095988880964e-5
3.030675939039853,2.0479311884813445e-5
3.0330329070186957,1.8993310735612723e-5
3.0353898749975383,1.7608371307070714e-5
3.037746842976381,1.631814913559404e-5
3.0401038109552236,1.5116658435399e-5
3.0424607789340663,1.3998254664845944e-5
3.0448177469129085,1.2957617745182337e-5
3.047174714891751,1.1989735916304034e-5
3.049531682870594,1.1089890223095478e-5
3.0518886508494365,1.0253639616306098e-5
3.054245618828279,9.476806655708825e-6
3.056602586807122,8.755463803342134e-6
3.0589595547859645,8.085920290099025e-6
3.061316522764807,7.464709545185189e-6
3.06367349074365,6.88857716847624e-6
3.0660304587224925,6.354469435407295e-6
3.068387426701335,5.859522316187249e-6
3.070744394680178,5.401050993739109e-6
3.0731013626590205,4.976539867890262e-6
3.0754583306378627,4.583633025828648e-6
3.0778152986167053,4.220125167084254e-6
3.080172266595548,3.883952964828241e-6
3.0825292345743907,3.5731868493205088e-6
3.0848862025532333,3.286023198614818e-6
3.087243170532076,3.020776919465673e-6
3.0896001385109186,2.7758744063355323e-6
3.0919571064897613,2.5498468607942915e-6
3.094314074468604,2.3413239588487844e-6
3.0966710424474466,2.1490278523106365e-6
3.0990280104262893,1.971767488215259e-6
3.101384978405132,1.8084332344125986e-6
3.1037419463839746,1.6579917977987968e-6
3.1060989143628173,1.5194814223379316e-6
3.1084558823416595,1.3920073537454503e-6
3.110812850320502,1.2747375590232979e-6
3.113169818299345,1.1668986892726663e-6
3.1155267862781875,1.0677722735719097e-6
3.11788375425703,9.76691133580676e-7
3.120240722235873,8.93036008239867e-7
3.1225976902147154,8.162323761329304e-7
3.124954658193558,7.457474692079691e-7
3.1273116261724008,6.810874650653442e-7
3.1296685941512434,6.217948491926695e-7
3.132025562130086,5.674459403470777e-7
3.1343825301089288,5.176485667335307e-7
3.1367394980877714,4.7203988910726746e-7
3.1390964660666136,4.30284358921007e-7
3.1414534340454563,3.920718072841778e-7
3.143810402024299,3.5711565526952427e-7
3.1461673700031416,3.25151239627397e-7
3.1485243379819843,2.9593424767659915e-7
3.150881305960827,2.692392545994293e-7
3.1532382739396696,2.44858356840405e-7
3.1555952419185123,2.2259989737594132e-7
3.157952209897355,2.0228727479199016e-7
3.1603091778761976,1.8375783522595057e-7
3.1626661458550402,1.668618373057429e-7
3.165023113833883,1.5146148944766846e-7
3.1673800818127256,1.374300538231621e-7
3.1697370497915682,1.2465101183189997e-7
3.1720940177704104,1.130172880559055e-7
3.174450985749253,1.0243053039094008e-7
3.1768079537280958,9.280043965220752e-8
3.1791649217069384,8.40441484600829e-8
3.181521889685781,7.608564364658399e-8
3.1838788576646238,6.88552324878966e-8
3.1862358256434664,6.22890456158931e-8
3.188592793622309,5.6328578662556694e-8
3.1909497616011517,5.092026686415174e-8
3.1933067295799944,4.601509100143897e-8
3.195663697558837,4.156821495349128e-8
3.1980206655376797,3.753864744049373e-8
3.2003776335165224,3.3888933298475976e-8
3.2027346014953646,3.058486547358186e-8
3.2050915694742073,2.759522112205648e-8
3.20744853745305,2.4891518096703535e-8
3.2098055054318926,2.2447789099766524e-8
3.2121624734107352,2.024037593084671e-8
3.214519441389578,1.8247738986509887e-8
3.2168764093684206,1.6450282663837967e-8
3.2192333773472632,1.4830194045023504e-8
3.221590345326106,1.3371296542219469e-8
3.2239473133049485,1.2058914644619279e-8
3.226304281283791,1.0879750045322822e-8
3.228661249262634,9.821769050843976e-9
3.2310182172414765,8.874100218547731e-9
3.2333751852203187,8.026939335437078e-9
3.2357321531991614,7.271465499170127e-9
3.238089121178004,6.599762389369879e-9
3.2404460891568467,6.004750113808299e-9
3.2428030571356894,5.480120746081951e-9
3.245160025114532,5.020282911605278e-9
3.2475169930933747,4.620311022662804e-9
3.2498739610722174,4.2759014384774474e-9
3.25223092905106,3.983331775536669e-9
3.2545878970299027,3.739428877658213e-9
3.2569448650087454,3.541537979545595e-9
3.259301832987588,3.3874994198601627e-9
3.2616588009664307,3.2756282408730186e-9
3.2640157689452733,3.204698506564796e-9
3.2663727369241156,3.1739320061063836e-9
3.268729704902958,3.18299075985351e-9
3.271086672881801,3.2319748544118454e-9
3.2734436408606435,3.32142194303664e-9
3.275800608839486,3.45231360165954e-9
3.278157576818329,3.6260832669832155e-9
3.2805145447971715,3.844630419580497e-9
3.282871512776014,4.110337986640289e-9
3.285228480754857,4.42609360273849e-9
3.2875854487336995,4.795317476435912e-9
3.289942416712542,5.221992394055519e-9
3.292299384691385,5.710700773375876e-9
3.2946563526702275,6.2666663247501475e-9
3.2970133206490697,6.895800874762159e-9
3.2993702886279124,7.604757268353524e-9
3.301727256606755,8.400989265355818e-9
3.3040842245855977,9.292816932626735e-9
3.3064411925644404,1.0289500446125643e-8
3.308798160543283,1.1401319777171182e-8
3.3111551285221257,1.263966589726273e-8
3.3135120965009683,1.4017136257260532e-8
3.315869064479811,1.55476435892421e-8
3.3182260324586537,1.7246533562387256e-8
3.3205830004374963,1.9130712958226326e-8
3.322939968416339,2.121878991956372e-8
3.3252969363951816,2.3531227966167023e-8
3.327653904374024,2.6090512167398217e-8
3.3300108723528665,2.892133155185661e-8
3.332367840331709,3.205077606094342e-8
3.334724808310552,3.550855207090642e-8
3.3370817762893945,3.932721490129687e-8
3.339438744268237,4.354242247317508e-8
3.34179571224708,4.8193209617464206e-8
3.3441526802259225,5.332228530940952e-8
3.346509648204765,5.8976355660211865e-8
3.348866616183608,6.520647075070052e-8
3.3512235841624505,7.206840410556303e-8
3.353580552141293,7.962305836883843e-8
3.355937520120136,8.793690689512523e-8
3.3582944880989785,9.708246970219214e-8
3.3606514560778207,1.0713882561685928e-7
3.3630084240566633,1.1819216683139899e-7
3.365365392035506,1.3033639584270063e-7
3.3677223600143487,1.4367376882651328e-7
3.3700793279931913,1.5831558733414575e-7
3.372436295972034,1.7438294488969497e-7
3.3747932639508766,1.9200752832126966e-7
3.3771502319297193,2.113324796548799e-7
3.379507199908562,2.3251332278984016e-7
3.3818641678874046,2.557189585916664e-7
3.3842211358662473,2.8113273203844713e-7
3.38657810384509,3.089535787481612e-7
3.3889350718239326,3.393972519138977e-7
3.391292039802775,3.726976398055193e-7
3.3936490077816175,4.091081745039027e-7
3.39600597576046,4.4890334036096213e-7
3.398362943739303,4.923802893463947e-7
3.4007199117181455,5.398605661954825e-7
3.403076879696988,5.91691952295248e-7
3.405433847675831,6.482504356086771e-7
3.4077908156546735,7.099423133816174e-7
3.410147783633516,7.772064346267538e-7
3.4125047516123588,8.505165910444035e-7
3.4148617195912014,9.303840654284468e-7
3.417218687570044,1.0173603445240431e-6
3.4195756555488868,1.1120400072450742e-6
3.421932623527729,1.215063796605742e-6
3.4242895915065716,1.3271218845534172e-6
3.4266465594854143,1.4489573423037694e-6
3.429003527464257,1.5813698231170736e-6
3.4313604954430996,1.7252194715877689e-6
3.4337174634219423,1.8814310698278547e-6
3.436074431400785,2.0509984297589767e-6
3.4384313993796276,2.234989048360836e-6
3.4407883673584703,2.4345490323707253e-6
3.443145335337313,2.65090831097492e-6
3.4455023033161556,2.885386144568791e-6
3.4478592712949983,3.139396945961437e-6
3.450216239273841,3.4144564267091226e-6
3.4525732072526836,3.71218808267737e-6
3.454930175231526,4.034330032542943e-6
3.4572871432103685,4.382742225306213e-6
3.459644111189211,4.7594140289430875e-6
3.4620010791680538,5.16647221809885e-6
3.4643580471468964,5.6061893740633195e-6
3.466715015125739,6.080992712265143e-6
3.4690719831045818,6.593473354410406e-6
3.4714289510834244,7.1463960583662e-6
3.473785919062267,7.742709422831062e-6
3.4761428870411097,8.385556582723996e-6
3.4784998550199524,9.078286408059633e-6
3.480856822998795,9.824465225460877e-6
3.4832137909776377,1.0627889073355767e-5
3.48557075895648,1.1492596509149466e-5
3.4879277269353226,1.2422881980278522e-5
3.4902846949141653,1.3423309775328907e-5
3.492641662893008,1.4498728566680885e-5
3.4949986308718506,1.5654286560140562e-5
3.4973555988506932,1.689544726257708e-5
3.499712566829536,1.8228005878612175e-5
3.5020695348083786,1.9658106349962345e-5
3.5044265027872212,2.1192259044511275e-5
3.506783470766064,2.2837359105631894e-5
3.5091404387449066,2.4600705469168815e-5
3.511497406723749,2.6490020554575944e-5
3.513854374702592,2.8513470636565286e-5
3.516211342681434,3.067968689773881e-5
3.5185683106602768,3.2997787169142256e-5
3.5209252786391194,3.547739835457753e-5
3.523282246617962,3.812867953920107e-5
3.5256392145968047,4.0962345779466114e-5
3.5279961825756474,4.398969256655394e-5
3.53035315055449,4.72226209569937e-5
3.5327101185333327,5.0673663359673826e-5
3.5350670865121754,5.435600996531176e-5
3.537424054491018,5.828353580239476e-5
3.5397810224698607,6.24708284027442e-5
3.5421379904487034,6.693321605211189e-5
3.544494958427546,7.168679660252142e-5
3.5468519264063887,7.674846681732239e-5
3.549208894385231,8.213595221684411e-5
3.5515658623640736,8.786783738912174e-5
3.5539228303429162,9.396359672697585e-5
3.556279798321759,0.00010044362554528785
3.5586367663006016,0.00010732927153533911
3.560993734279444,0.00011464286649970346
3.563350702258287,0.0001224077583152905
3.5657076702371295,0.00013064834306164563
3.568064638215972,0.0001393900972497808
3.570421606194815,0.00014865961008236894
3.5727785741736575,0.00015848461566991823
3.5751355421525,0.00016889402512121343
3.577492510131343,0.0001799179584293098
3.579849478110185,0.0001915877760549911
3.5822064460890277,0.00020393611012053947
3.5845634140678704,0.0002169968951101775
3.586920382046713,0.00023080539797132316
3.5892773500255557,0.0002453982475101313
3.5916343180043984,0.00026081346296202845
3.593991285983241,0.0002770904816209452
3.5963482539620837,0.00029427018539751604
3.5987052219409263,0.0003123949261800707
3.601062189919769,0.000331508549861248
3.6034191578986117,0.00035165641889001176
3.6057761258774543,0.00037288543320629364
3.608133093856297,0.00039524404940871616
3.6104900618351397,0.00041878229800140776
3.612847029813982,0.0004435517985669768
3.6152039977928245,0.0004696057726982783
3.617560965771667,0.0004969990545333203
3.61991793375051,0.0005257880987194485
3.6222749017293525,0.0005560309856411649
3.624631869708195,0.0005877874237375513
3.626988837687038,0.0006211187487361602
3.6293458056658805,0.0006560879196280123
3.631702773644723,0.0006927595112065643
3.634059741623566,0.0007311997029925132
3.6364167096024085,0.0007714762643708517
3.638773677581251,0.0008136585357591541
3.641130645560094,0.0008578174056352861
3.643487613538936,0.000904025283247567
3.6458445815177787,0.000952356066840021
3.6482015494966213,0.001002885107220075
3.650558517475464,0.0010556891665077228
3.6529154854543067,0.0011108463719046724
3.6552724534331493,0.0011684361643283236
3.657629421411992,0.0012285392417624719
3.6599863893908346,0.0012912374971831841
3.6623433573696773,0.0013566139509239017
3.66470032534852,0.0014247526773555341
3.6670572933273626,0.0014957387257625299
3.6694142613062053,0.0015696580353114498
3.671771229285048,0.0016465973440125126
3.67412819726389,0.0017266440915926218
3.676485165242733,0.0018098863162074874
3.6788421332215755,0.001896412544935
3.681199101200418,0.0019863116780052814
3.683556069179261,0.0020796728667416553
3.6859130371581035,0.0021765853851954398
3.688270005136946,0.0022771384954826113
3.690626973115789,0.002381421306842546
3.6929839410946315,0.0024895226284581407
3.695340909073474,0.002601530816098152
3.697697877052317,0.0027175336126570304
3.7000548450311594,0.0028376179826964387
3.702411813010002,0.002961869941103701
3.7047687809888448,0.00309037437601023
3.707125748967687,0.0032232148661354154
3.7094827169465296,0.003360473492740268
3.7118396849253723,0.00350223064639954
3.714196652904215,0.0036485648288264727
3.7165536208830576,0.0037995524500038513
3.7189105888619003,0.003955267620902925
3.721267556840743,0.004115781942093055
3.7236245248195856,0.004281164288568062
3.7259814927984283,0.004451480591143198
3.728338460777271,0.004626793614794789
3.7306954287561136,0.0048071627343415635
3.7330523967349563,0.0049926437078942065
3.735409364713799,0.0051832884485076836
3.737766332692641,0.005379144794512958
3.740123300671484,0.005580256279012541
3.7424802686503265,0.005786661899047307
3.744837236629169,0.00599839588496931
3.747194204608012,0.006215487470565051
3.7495511725868544,0.0064379606645006415
3.751908140565697,0.006665834023670936
3.7542651085445398,0.0068991204290546615
3.7566220765233824,0.007137826864691166
3.758979044502225,0.00738195420040777
3.7613360124810677,0.007631496978937835
3.7636929804599104,0.007886443208082183
3.766049948438753,0.008146774158572179
3.7684069164175953,0.008412464168301104
3.770763884396438,0.00868348045359757
3.7731208523752806,0.008959782928212201
3.7754778203541233,0.009241324030694997
3.777834788332966,0.009528048560839997
3.7801917563118086,0.009819893525863765
3.7825487242906513,0.010116787996989007
3.784905692269494,0.010418652977086884
3.7872626602483366,0.010725401280032187
3.7896196282271792,0.011036937422401749
3.791976596206022,0.011353157528142588
3.7943335641848646,0.011673949246809756
3.796690532163707,0.011999191685966193
3.79904750014255,0.012328755358300247
3.801404468121392,0.012662502144005217
3.8037614361002348,0.013000285268935596
3.8061184040790774,0.013341949299015887
3.80847537205792,0.013687330151366917
3.8108323400367627,0.014036255122558794
3.8131893080156054,0.014388542934381632
3.815546275994448,0.01474400379747609
3.8179032439732907,0.015102439493132724
3.8202602119521334,0.015463643473526245
3.822617179930976,0.015827400980601425
3.8249741479098187,0.016193489183792154
3.8273311158886614,0.016561677336699554
3.829688083867504,0.016931726952808424
3.8320450518463463,0.017303392000277418
3.834402019825189,0.017676419115776
3.8367589878040316,0.01805054783730098
3.8391159557828742,0.018425510855842986
3.841472923761717,0.018801034285722662
3.8438298917405596,0.019176837953364667
3.846186859719402,0.01955263570421706
3.848543827698245,0.01992813572747143
3.8509007956770875,0.020303040898185798
3.85325776365593,0.020677049136350267
3.855614731634773,0.02104985378238966
3.8579716996136155,0.021421143988535563
3.860328667592458,0.021790605125451168
3.8626856355713004,0.022157919203435683
3.865042603550143,0.02252276530748909
3.8673995715289857,0.022884820045460663
3.8697565395078284,0.0232437580084649
3.872113507486671,0.023599252242689883
3.8744704754655137,0.023950974731692165
3.8768274434443564,0.024298596888216784
3.879184411423199,0.024641790054546253
3.8815413794020417,0.024980226010345774
3.8838983473808844,0.025313577486932082
3.886255315359727,0.025641518686863263
3.8886122833385697,0.025963725807716442
3.8909692513174123,0.026279877568894383
3.893326219296255,0.026589655740275164
3.895683187275097,0.026892745671506568
3.89804015525394,0.027188836820719486
3.9003971232327825,0.02747762328143233
3.902754091211625,0.027758804306399876
3.905111059190468,0.02803208482716435
3.9074680271693105,0.028297175968050703
3.909824995148153,0.028553795553366568
3.912181963126996,0.028801668606559083
3.9145389311058385,0.02904052784010036
3.916895899084681,0.029270114134877234
3.919252867063524,0.029490177007892804
3.9216098350423665,0.02970047506709128
3.923966803021209,0.02990077645215805
3.9263237710000514,0.030090859260165526
3.928680738978894,0.030270511954974544
3.9310377069577367,0.03043953375933195
3.9333946749365793,0.030597735028651485
3.935751642915422,0.030744937605499456
3.9381086108942647,0.03088097515386301
3.9404655788731073,0.031005693472319074
3.94282254685195,0.031118950785279376
3.9451795148307927,0.03122061801154652
3.9475364828096353,0.031310579009461326
3.949893450788478,0.03138873079799598
3.9522504187673206,0.031454983753198995
3.9546073867461633,0.03150926177947444
3.9569643547250055,0.031551502455226865
3.959321322703848,0.03158165715249295
3.961678290682691,0.03159969113023042
3.9640352586615335,0.03160558360101717
3.966392226640376,0.0315993277709834
3.968749194619219,0.03158093085286262
3.9711061625980615,0.03155041405213588
3.973463130576904,0.031507812526297085
3.975820098555747,0.031453175317356474
3.9781770665345895,0.03138656525775807
3.980534034513432,0.03130805884996868
3.982891002492275,0.031217746120055567
3.9852479704711175,0.031115730445651746
3.98760493844996,0.031002128358764036
3.9899619064288023,0.030877069323951845
3.992318874407645,0.030740695492469716
3.9946758423864877,0.030593161433022487
3.9970328103653303,0.030434633839854563
3.999389778344173,0.030265291218934565
4.001746746323016,0.03008532355307192
4.004103714301858,0.029894931946839787
4.006460682280701,0.02969432825223206
4.008817650259544,0.029483734676032602
4.011174618238386,0.029263383369913964
4.013531586217229,0.02903351600432047
4.015888554196072,0.02879438332723372
4.018245522174914,0.028546244708944513
4.020602490153757,0.028289367673986265
4.0229594581326,0.028024027421411857
4.025316426111442,0.027750506334614067
4.027673394090285,0.02746909348190929
4.030030362069128,0.027180084109119207
4.03238733004797,0.02688377912538653
4.034744298026813,0.026580484583481168
4.037101266005655,0.026270511155840004
4.039458233984497,0.02595417360759089
4.04181520196334,0.025631790267803156
4.044172169942183,0.025303682500196434
4.046529137921025,0.02497017417452696
4.048886105899868,0.024631591139855358
4.051243073878711,0.024288260700877307
4.053600041857553,0.023940511098476946
4.055957009836396,0.023588670995633332
4.058313977815239,0.02323306896978461
4.060670945794081,0.022874033012718953
4.063027913772924,0.022511890039024762
4.065384881751767,0.02214696540409744
4.067741849730609,0.021779582432655653
4.070098817709452,0.021410061958682947
4.072455785688295,0.021038721877656985
4.074812753667137,0.020665876711889186
4.07716972164598,0.0202918371897452
4.079526689624823,0.019916909839467367
4.081883657603665,0.01954139659826898
4.084240625582508,0.019165594437315303
4.0865975935613505,0.01878979500315603
4.088954561540193,0.018414284276118797
4.091311529519036,0.01803934224611431
4.0936684974978785,0.017665242606256015
4.096025465476721,0.017292252464633617
4.098382433455564,0.01692063207453176
4.100739401434406,0.016550634583325285
4.103096369413248,0.016182505800229896
4.105453337392091,0.01581648398303298
4.107810305370934,0.015452799643875581
4.110167273349776,0.015091675374105551
4.112524241328619,0.01473332568816832
4.114881209307462,0.01437795688645438
4.117238177286304,0.014025766936973716
4.119595145265147,0.013676945375677874
4.12195211324399,0.013331673225208562
4.124309081222832,0.012990122931806403
4.126666049201675,0.012652458320071003
4.129023017180518,0.012318834565225811
4.13137998515936,0.011989398182502109
4.133736953138203,0.011664287033221143
4.1360939211170455,0.011343630347120603
4.138450889095888,0.01102754876044093
4.140807857074731,0.010716154369256159
4.1431648250535735,0.010409550797510825
4.145521793032416,0.010107833279197634
4.147878761011259,0.009811088754089412
4.1502357289901015,0.00951939597642125
4.152592696968944,0.009232825635900568
4.154949664947787,0.008951440490407386
4.1573066329266295,0.008675295509737418
4.159663600905472,0.008404438029727887
4.162020568884314,0.00813890791610114
4.164377536863157,0.007878737737354174
4.166734504841999,0.007623952946018475
4.169091472820842,0.007374572067616672
4.171448440799685,0.00713060689663908
4.173805408778527,0.0068920626988709655
4.17616237675737,0.006658938419403404
4.178519344736213,0.006431226895666858
4.180876312715055,0.006208915074840754
4.183233280693898,0.005991984234992975
4.1855902486727405,0.005780410209327069
4.187947216651583,0.005574163612916572
4.190304184630426,0.005373210071329487
4.1926611526092685,0.005177510450559281
4.195018120588111,0.004987021087692334
4.197375088566954,0.004801694021767472
4.1997320565457965,0.004621477224295317
4.202089024524639,0.004446314828930875
4.204445992503482,0.004276147359811855
4.2068029604823245,0.004110911958094821
4.209159928461167,0.003950542606248858
4.21151689644001,0.0037949703496836795
4.2138738644188525,0.0036441235153162332
4.216230832397695,0.0034979279267029484
4.218587800376538,0.0033563071153849267
4.2209447683553805,0.0032191825281239136
4.223301736334223,0.003086473729723954
4.225658704313065,0.00295809860116298
4.228015672291908,0.0028339735327782105
4.23037264027075,0.002714013612276883
4.232729608249593,0.002598132807362725
4.2350865762284355,0.002486244142796218
4.237443544207278,0.002378259871724922
4.239800512186121,0.0022740916411468914
4.2421574801649635,0.0021736506513864995
4.244514448143806,0.0020768478094887466
4.246871416122649,0.0019835938764541095
4.2492283841014915,0.0018937996082585423
4.251585352080334,0.0018073758906210421
4.253942320059177,0.0017242338675006672
4.2562992880380195,0.0016442850633220304
4.258656256016862,0.0015674414989441457
4.261013223995705,0.001493615801407791
4.2633701919745475,0.0014227213075055645
4.26572715995339,0.001354672161239051
4.268084127932233,0.001289383405239812
4.2704410959110755,0.0012267710662396403
4.272798063889918,0.0011667522346961098
4.275155031868761,0.0011092451386809365
4.277511999847603,0.0010541692121580348
4.279868967826446,0.0010014451577806116
4.282225935805289,0.000950995004350863
4.284582903784131,0.0009027421590914742
4.286939871762974,0.0008566114548837073
4.289296839741816,0.000812529192639494
4.2916538077206585,0.0007704231789723986
4.294010775699501,0.0007302227593458804
4.296367743678344,0.0006918588468756842
4.2987247116571865,0.0006552639469695198
4.301081679636029,0.0006203721779910638
4.303438647614872,0.0005871192881369107
4.3057956155937145,0.0005554426687169982
4.308152583572557,0.0005252813640319771
4.3105095515514,0.0004965760780406038
4.3128665195302425,0.00046926917801164494
4.315223487509085,0.0004433046953568852
4.317580455487928,0.00041862832383597615
4.3199374234667705,0.0003951874153323154
4.322294391445613,0.0003729309733880061
4.324651359424456,0.00035180964469569073
4.327008327403298,0.0003317757087336129
4.329365295382141,0.00031278306573626763
4.331722263360984,0.0002947872231880734
4.334079231339826,0.00027774528102505677
4.336436199318669,0.0002616159157304669
4.338793167297512,0.0002463593635049742
4.341150135276354,0.00023193740269238962
4.343507103255197,0.00021831333563926067
4.34586407123404,0.00020545197016401222
4.348221039212882,0.00019331960081012817
4.350578007191724,0.00018188399005523992
4.352934975170567,0.00017111434964731283
4.3552919431494095,0.00016098132223693606
4.357648911128252,0.00015145696347139415
4.360005879107095,0.00014251472471982912
4.3623628470859375,0.00013412943659088516
4.36471981506478,0.0001262772934101722
4.367076783043623,0.00011893583881866787
4.3694337510224655,0.00011208395265688287
4.371790719001308,0.00010570183929693548
4.374147686980151,9.97710175857907e-5
4.376504654958993,9.427431256488553e-5
4.378861622937836,8.919584912803549e-5
4.381218590916679,8.452104778747596e-5
4.383575558895521,8.023662271019506e-5
4.385932526874364,7.633058219995437e-5
4.388289494853207,7.279223179085595e-5
4.390646462832049,6.961218013074554e-5
4.393003430810892,6.678234782908805e-5
4.395360398789735,6.429597945098973e-5
4.397717366768577,6.214765884140529e-5
4.40007433474742,6.0333327967915934e-5
4.402431302726263,5.885030947396126e-5
4.404788270705105,5.76973331423581e-5
4.407145238683948,5.6874566469258814e-5
4.409502206662791,5.638364955860842e-5
4.411859174641633,5.622773455189224e-5
4.414216142620475,5.6411529811617456e-5
4.416573110599318,5.69413490870644e-5
4.4189300785781604,5.7825165896027014e-5
4.421287046557003,5.90726733625431e-5
4.423644014535846,6.069534976033998e-5
4.426000982514688,6.27065300153485e-5
4.428357950493531,6.512148343425748e-5
4.430714918472374,6.795749792702296e-5
4.433071886451216,7.123397100520373e-5
4.435428854430059,7.497250784472068e-5
4.437785822408902,7.919702670443514e-5
4.440142790387744,8.393387201207844e-5
4.442499758366587,8.921193542377713e-5
4.44485672634543,9.506278518185869e-5
